posteam,qtr,down,play_type,pass_length_numerical_mean,pass_length_numerical_count,pass_length_numerical_std,pass_location_numerical_mean,pass_location_numerical_count,pass_location_numerical_std,run_location_numerical_mean,run_location_numerical_count,run_location_numerical_std
ARI,1,1,pass,0.723684211,456,0.447666012,0.543859649,456,0.445052922,1,456,0
ARI,1,1,run,0,603,0,1,603,0,0.49668325,603,0.411611706
ARI,1,2,pass,0.820197044,406,0.384497056,0.509852217,406,0.452593599,1,406,0
ARI,1,2,run,0,362,0,1,362,0,0.516574586,362,0.395264743
ARI,1,3,pass,0.782407407,432,0.413087229,0.576388889,432,0.434795113,1,432,0
ARI,1,3,run,0,58,0,1,58,0,0.50862069,58,0.39170544
ARI,1,4,pass,1,1,,1,1,,1,1,
ARI,1,4,run,0,6,0,1,6,0,0.5,6,0.447213595
ARI,2,1,pass,0.696784074,653,0.460000078,0.543644717,653,0.437866631,1,653,0
ARI,2,1,run,0,499,0,1,499,0,0.486973948,499,0.40121635
ARI,2,2,pass,0.754385965,570,0.430828758,0.578070175,570,0.440234554,1,570,0
ARI,2,2,run,0,291,0,1,291,0,0.501718213,291,0.390619053
ARI,2,3,pass,0.744855967,486,0.43639134,0.574074074,486,0.431571889,1,486,0
ARI,2,3,run,0,66,0,1,66,0,0.462121212,66,0.343182011
ARI,2,4,pass,0.636363636,11,0.504524979,0.5,11,0.447213595,1,11,0
ARI,2,4,run,0,12,0,1,12,0,0.583333333,12,0.417423555
ARI,3,1,pass,0.674832962,449,0.468959745,0.595768374,449,0.43399607,1,449,0
ARI,3,1,run,0,535,0,1,535,0,0.528971963,535,0.398501253
ARI,3,2,pass,0.741339492,433,0.438405209,0.513856813,433,0.4524032,1,433,0
ARI,3,2,run,0,303,0,1,303,0,0.518151815,303,0.36913253
ARI,3,3,pass,0.744897959,392,0.436475643,0.585459184,392,0.437638155,1,392,0
ARI,3,3,run,0,66,0,1,66,0,0.477272727,66,0.366184256
ARI,3,4,pass,0.25,4,0.5,0.625,4,0.478713554,1,4,0
ARI,3,4,run,0,7,0,1,7,0,0.642857143,7,0.243975018
ARI,4,1,pass,0.742081448,663,0.437819245,0.529411765,663,0.434842873,1,663,0
ARI,4,1,run,0,475,0,1,475,0,0.527368421,475,0.384686322
ARI,4,2,pass,0.746945899,573,0.435141556,0.553228621,573,0.432763374,1,573,0
ARI,4,2,run,0,291,0,1,291,0,0.493127148,291,0.380499918
ARI,4,3,pass,0.766233766,462,0.423683995,0.572510823,462,0.428944342,1,462,0
ARI,4,3,run,0,97,0,1,97,0,0.505154639,97,0.371475418
ARI,4,4,pass,0.666666667,72,0.474712663,0.604166667,72,0.435546443,1,72,0
ARI,4,4,run,0,11,0,1,11,0,0.409090909,11,0.375378597
ARI,5,1,pass,0.615384615,13,0.506369684,0.653846154,13,0.427425207,1,13,0
ARI,5,1,run,0,20,0,1,20,0,0.425,20,0.40636385
ARI,5,2,pass,0.615384615,13,0.506369684,0.615384615,13,0.463404348,1,13,0
ARI,5,2,run,0,8,0,1,8,0,0.375,8,0.353553391
ARI,5,3,pass,0.666666667,9,0.5,0.555555556,9,0.463980364,1,9,0
ARI,5,3,run,0,3,0,1,3,0,0.5,3,0
ARI,5,4,run,0,1,,1,1,,0.5,1,
ATL,1,1,pass,0.781746032,504,0.413471132,0.572420635,504,0.433687428,1,504,0
ATL,1,1,run,0,597,0,1,597,0,0.500837521,597,0.465684135
ATL,1,2,pass,0.860411899,437,0.346956379,0.541189931,437,0.44608023,1,437,0
ATL,1,2,run,0,355,0,1,355,0,0.476056338,355,0.461961181
ATL,1,3,pass,0.797530864,405,0.402337018,0.543209877,405,0.430846011,1,405,0
ATL,1,3,run,0,77,0,1,77,0,0.480519481,77,0.454810244
ATL,1,4,pass,0.8,5,0.447213595,0.7,5,0.447213595,1,5,0
ATL,1,4,run,0,13,0,1,13,0,0.576923077,13,0.493548117
ATL,2,1,pass,0.758064516,682,0.428569737,0.549120235,682,0.437091697,1,682,0
ATL,2,1,run,0,552,0,1,552,0,0.499094203,552,0.455356399
ATL,2,2,pass,0.815660685,613,0.388077332,0.509787928,613,0.442699075,1,613,0
ATL,2,2,run,0,329,0,1,329,0,0.490881459,329,0.450178299
ATL,2,3,pass,0.772073922,487,0.41992603,0.58110883,487,0.432825441,1,487,0
ATL,2,3,run,0,74,0,1,74,0,0.459459459,74,0.420019216
ATL,2,4,pass,0.833333333,12,0.389249472,0.458333333,12,0.450168319,1,12,0
ATL,2,4,run,0,11,0,1,11,0,0.727272727,11,0.343775825
ATL,3,1,pass,0.712830957,491,0.452902578,0.532586558,491,0.442577366,1,491,0
ATL,3,1,run,0,564,0,1,564,0,0.484042553,564,0.462360119
ATL,3,2,pass,0.831050228,438,0.37513603,0.515981735,438,0.443328702,1,438,0
ATL,3,2,run,0,324,0,1,324,0,0.50617284,324,0.451991309
ATL,3,3,pass,0.74744898,392,0.435030789,0.554846939,392,0.436712875,1,392,0
ATL,3,3,run,0,71,0,1,71,0,0.556338028,71,0.435474255
ATL,3,4,pass,0.947368421,19,0.229415734,0.447368421,19,0.468292906,1,19,0
ATL,3,4,run,0,7,0,1,7,0,0.571428571,7,0.449867705
ATL,4,1,pass,0.792663477,627,0.405722351,0.536682616,627,0.439932285,1,627,0
ATL,4,1,run,0.001960784,510,0.044280744,0.999019608,510,0.022140372,0.470588235,510,0.456472387
ATL,4,2,pass,0.789855072,552,0.40778092,0.518115942,552,0.439267747,1,552,0
ATL,4,2,run,0,307,0,1,307,0,0.491856678,307,0.449144582
ATL,4,3,pass,0.782312925,441,0.413142175,0.536281179,441,0.430167782,1,441,0
ATL,4,3,run,0,121,0,1,121,0,0.533057851,121,0.4459799
ATL,4,4,pass,0.712328767,73,0.455809782,0.616438356,73,0.404149896,1,73,0
ATL,4,4,run,0,12,0,1,12,0,0.5,12,0.476731295
ATL,5,1,pass,0.714285714,7,0.487950036,0.571428571,7,0.449867705,1,7,0
ATL,5,1,run,0,10,0,1,10,0,0.4,10,0.459468292
ATL,5,2,pass,0.625,8,0.51754917,0.625,8,0.51754917,1,8,0
ATL,5,2,run,0,7,0,1,7,0,0.714285714,7,0.487950036
ATL,5,3,pass,0.857142857,7,0.377964473,0.357142857,7,0.475594866,1,7,0
ATL,5,3,run,0,3,0,1,3,0,1,3,0
ATL,5,4,pass,1,1,,0.5,1,,1,1,
ATL,5,4,run,0,2,0,1,2,0,0.25,2,0.353553391
BAL,1,1,pass,0.787096774,465,0.409800679,0.588172043,465,0.427716839,1,465,0
BAL,1,1,run,0,566,0,1,566,0,0.524734982,566,0.469708458
BAL,1,2,pass,0.823529412,374,0.381730718,0.569518717,374,0.433801431,1,374,0
BAL,1,2,run,0,392,0,1,392,0,0.5,392,0.457950511
BAL,1,3,pass,0.751231527,406,0.432832714,0.615763547,406,0.408427014,1,406,0
BAL,1,3,run,0,72,0,1,72,0,0.479166667,72,0.439570052
BAL,1,4,pass,0.8,5,0.447213595,0.6,5,0.547722558,1,5,0
BAL,1,4,run,0,14,0,1,14,0,0.75,14,0.325221818
BAL,2,1,pass,0.775362319,690,0.417646248,0.576811594,690,0.421533908,1,690,0
BAL,2,1,run,0,506,0,1,506,0,0.477272727,506,0.461355378
BAL,2,2,pass,0.769230769,598,0.421677765,0.591973244,598,0.410175171,1,598,0
BAL,2,2,run,0,319,0,1,319,0,0.548589342,319,0.450355782
BAL,2,3,pass,0.724489796,490,0.447227593,0.587755102,490,0.410063915,1,490,0
BAL,2,3,run,0,107,0,1,107,0,0.546728972,107,0.40939849
BAL,2,4,pass,0.454545455,11,0.522232968,0.409090909,11,0.436931449,1,11,0
BAL,2,4,run,0,16,0,1,16,0,0.53125,16,0.426956282
BAL,3,1,pass,0.773006135,489,0.419317559,0.570552147,489,0.427813615,1,489,0
BAL,3,1,run,0,623,0,1,623,0,0.510433387,623,0.469627654
BAL,3,2,pass,0.8200409,489,0.384546782,0.569529652,489,0.426182039,1,489,0
BAL,3,2,run,0,344,0,1,344,0,0.470930233,344,0.455639436
BAL,3,3,pass,0.731527094,406,0.443711766,0.555418719,406,0.415748852,1,406,0
BAL,3,3,run,0,94,0,1,94,0,0.489361702,94,0.43981132
BAL,3,4,pass,0.941176471,17,0.242535625,0.705882353,17,0.397603113,1,17,0
BAL,3,4,run,0,10,0,1,10,0,0.5,10,0.40824829
BAL,4,1,pass,0.766730402,523,0.423317289,0.57456979,523,0.418883249,1,523,0
BAL,4,1,run,0,592,0,1,592,0,0.499155405,592,0.463105053
BAL,4,2,pass,0.761710794,491,0.426471433,0.602851324,491,0.410465162,1,491,0
BAL,4,2,run,0,388,0,1,388,0,0.484536082,388,0.4600506
BAL,4,3,pass,0.732394366,426,0.443231337,0.613849765,426,0.412248601,1,426,0
BAL,4,3,run,0,152,0,1,152,0,0.513157895,152,0.438039614
BAL,4,4,pass,0.685185185,54,0.468803136,0.638888889,54,0.368790305,1,54,0
BAL,4,4,run,0,28,0,1,28,0,0.464285714,28,0.40662503
BAL,5,1,pass,0.769230769,13,0.43852901,0.5,13,0.456435465,1,13,0
BAL,5,1,run,0,26,0,1,26,0,0.5,26,0.447213595
BAL,5,2,pass,0.8125,16,0.403112887,0.40625,16,0.455292946,1,16,0
BAL,5,2,run,0,18,0,1,18,0,0.694444444,18,0.388772158
BAL,5,3,pass,0.7,20,0.470162346,0.6,20,0.416754377,1,20,0
BAL,5,3,run,0,8,0,1,8,0,0.8125,8,0.372011905
BAL,5,4,pass,0,1,,0,1,,1,1,
BUF,1,1,pass,0.738095238,378,0.440253811,0.55952381,378,0.458953701,1,378,0
BUF,1,1,run,0,589,0,1,589,0,0.507640068,589,0.425016246
BUF,1,2,pass,0.790322581,372,0.407626624,0.577956989,372,0.448835712,1,372,0
BUF,1,2,run,0,389,0,1,389,0,0.491002571,389,0.409986513
BUF,1,3,pass,0.754521964,387,0.430927385,0.541343669,387,0.438847116,1,387,0
BUF,1,3,run,0,108,0,1,108,0,0.476851852,108,0.40084175
BUF,1,4,pass,0.888888889,9,0.333333333,0.666666667,9,0.5,1,9,0
BUF,1,4,run,0,4,0,1,4,0,0.5,4,0.40824829
BUF,2,1,pass,0.746588694,513,0.435388947,0.566276803,513,0.436933984,1,513,0
BUF,2,1,run,0,612,0,1,612,0,0.504901961,612,0.412539328
BUF,2,2,pass,0.770750988,506,0.42076572,0.495059289,506,0.442176543,1,506,0
BUF,2,2,run,0,376,0,1,376,0,0.490691489,376,0.417028921
BUF,2,3,pass,0.734649123,456,0.442004783,0.54495614,456,0.44308707,1,456,0
BUF,2,3,run,0,128,0,1,128,0,0.51953125,128,0.383736005
BUF,2,4,pass,0.647058824,17,0.492592183,0.529411765,17,0.449673084,1,17,0
BUF,2,4,run,0,13,0,1,13,0,0.576923077,13,0.277350098
BUF,3,1,pass,0.748792271,414,0.434232495,0.582125604,414,0.454218136,1,414,0
BUF,3,1,run,0,620,0,1,620,0,0.515322581,620,0.41009955
BUF,3,2,pass,0.760309278,388,0.427445882,0.538659794,388,0.451583785,1,388,0
BUF,3,2,run,0,384,0,1,384,0,0.498697917,384,0.417468902
BUF,3,3,pass,0.712041885,382,0.453405334,0.560209424,382,0.445494161,1,382,0
BUF,3,3,run,0,109,0,1,109,0,0.458715596,109,0.379622378
BUF,3,4,pass,0.181818182,11,0.404519917,0.545454545,11,0.522232968,1,11,0
BUF,3,4,run,0,9,0,1,9,0,0.5,9,0.433012702
BUF,4,1,pass,0.747795414,567,0.434661528,0.531746032,567,0.446677114,1,567,0
BUF,4,1,run,0,516,0,1,516,0,0.507751938,516,0.412119768
BUF,4,2,pass,0.73553719,484,0.44150308,0.561983471,484,0.432002645,1,484,0
BUF,4,2,run,0,361,0,1,361,0,0.541551247,361,0.400959721
BUF,4,3,pass,0.687830688,378,0.463992652,0.574074074,378,0.442820493,1,378,0
BUF,4,3,run,0,165,0,1,165,0,0.484848485,165,0.399787453
BUF,4,4,pass,0.72972973,74,0.447130801,0.554054054,74,0.426578997,1,74,0
BUF,4,4,run,0,22,0,1,22,0,0.568181818,22,0.416774878
BUF,5,1,pass,0.466666667,15,0.516397779,0.666666667,15,0.40824829,1,15,0
BUF,5,1,run,0,26,0,1,26,0,0.557692308,26,0.408091242
BUF,5,2,pass,0.8,15,0.414039336,0.5,15,0.46291005,1,15,0
BUF,5,2,run,0,17,0,1,17,0,0.470588235,17,0.413468115
BUF,5,3,pass,0.636363636,11,0.504524979,0.727272727,11,0.410099766,1,11,0
BUF,5,3,run,0,9,0,1,9,0,0.5,9,0.353553391
CAR,1,1,pass,0.77014218,422,0.42124065,0.536729858,422,0.456363523,1,422,0
CAR,1,1,run,0,636,0,1,636,0,0.469339623,636,0.429524774
CAR,1,2,pass,0.767123288,365,0.42324453,0.502739726,365,0.452396732,1,365,0
CAR,1,2,run,0,418,0,1,418,0,0.476076555,418,0.411934564
CAR,1,3,pass,0.707100592,338,0.455767389,0.560650888,338,0.435810432,1,338,0
CAR,1,3,run,0,133,0,1,133,0,0.518796992,133,0.386348558
CAR,1,4,pass,1,3,0,0.666666667,3,0.577350269,1,3,0
CAR,1,4,run,0,14,0,1,14,0,0.392857143,14,0.446291188
CAR,2,1,pass,0.717741935,620,0.450461689,0.549193548,620,0.448024918,1,620,0
CAR,2,1,run,0,568,0,1,568,0,0.504401408,568,0.432862985
CAR,2,2,pass,0.797348485,528,0.402356172,0.549242424,528,0.446830918,1,528,0
CAR,2,2,run,0,364,0,1,364,0,0.528846154,364,0.413101937
CAR,2,3,pass,0.716381418,409,0.45130596,0.542787286,409,0.449676416,1,409,0
CAR,2,3,run,0,151,0,1,151,0,0.582781457,151,0.376078288
CAR,2,4,pass,0.428571429,14,0.513552591,0.75,14,0.379777263,1,14,0
CAR,2,4,run,0,12,0,1,12,0,0.541666667,12,0.396480731
CAR,3,1,pass,0.727472527,455,0.445749859,0.498901099,455,0.45924054,1,455,0
CAR,3,1,run,0,599,0,1,599,0,0.473288815,599,0.425115804
CAR,3,2,pass,0.792553191,376,0.406018551,0.571808511,376,0.451844133,1,376,0
CAR,3,2,run,0,378,0,1,378,0,0.481481481,378,0.417998167
CAR,3,3,pass,0.709401709,351,0.454686625,0.576923077,351,0.445366869,1,351,0
CAR,3,3,run,0,113,0,1,113,0,0.433628319,113,0.398122966
CAR,3,4,pass,0.625,8,0.51754917,0.5625,8,0.495515604,1,8,0
CAR,3,4,run,0,13,0,1,13,0,0.5,13,0.40824829
CAR,4,1,pass,0.769503546,564,0.42152447,0.542553191,564,0.453873644,1,564,0
CAR,4,1,run,0,547,0,1,547,0,0.490859232,547,0.411497525
CAR,4,2,pass,0.735483871,465,0.441550257,0.570967742,465,0.433405879,1,465,0
CAR,4,2,run,0,392,0,1,392,0,0.503826531,392,0.408491267
CAR,4,3,pass,0.678663239,389,0.467591176,0.537275064,389,0.453251459,1,389,0
CAR,4,3,run,0,186,0,1,186,0,0.51344086,186,0.393984482
CAR,4,4,pass,0.678571429,56,0.471251443,0.544642857,56,0.439801461,1,56,0
CAR,4,4,run,0,18,0,1,18,0,0.611111111,18,0.366042249
CAR,5,1,pass,0.857142857,7,0.377964473,0.285714286,7,0.487950036,1,7,0
CAR,5,1,run,0,3,0,1,3,0,0,3,0
CAR,5,2,pass,0.2,5,0.447213595,0.6,5,0.547722558,1,5,0
CAR,5,2,run,0,4,0,1,4,0,0.5,4,0.577350269
CAR,5,3,pass,1,3,0,0.333333333,3,0.577350269,1,3,0
CHI,1,1,pass,0.76010101,396,0.427561813,0.542929293,396,0.449388338,1,396,0
CHI,1,1,run,0,563,0,1,563,0,0.487566607,563,0.470505457
CHI,1,2,pass,0.84,375,0.367095843,0.544,375,0.456749735,1,375,0
CHI,1,2,run,0,365,0,1,365,0,0.506849315,365,0.476747441
CHI,1,3,pass,0.739837398,369,0.43931886,0.601626016,369,0.418456742,1,369,0
CHI,1,3,run,0,88,0,1,88,0,0.551136364,88,0.442301795
CHI,1,4,pass,1,4,0,0.25,4,0.5,1,4,0
CHI,1,4,run,0,10,0,1,10,0,0.55,10,0.497214463
CHI,2,1,pass,0.710482529,601,0.453916219,0.552412646,601,0.444595325,1,601,0
CHI,2,1,run,0,546,0,1,546,0,0.474358974,546,0.467554688
CHI,2,2,pass,0.793650794,504,0.405086159,0.553571429,504,0.44151729,1,504,0
CHI,2,2,run,0,339,0,1,339,0,0.538348083,339,0.46632605
CHI,2,3,pass,0.748251748,429,0.434524095,0.533799534,429,0.445013669,1,429,0
CHI,2,3,run,0,104,0,1,104,0,0.495192308,104,0.443371857
CHI,2,4,pass,0.769230769,13,0.43852901,0.692307692,13,0.383973824,1,13,0
CHI,2,4,run,0,10,0,1,10,0,0.55,10,0.437797518
CHI,3,1,pass,0.749455338,459,0.433799513,0.576252723,459,0.442874579,1,459,0
CHI,3,1,run,0,556,0,1,556,0,0.448741007,556,0.4674815
CHI,3,2,pass,0.768856448,411,0.422077795,0.577858881,411,0.437589059,1,411,0
CHI,3,2,run,0,323,0,1,323,0,0.498452012,323,0.463745305
CHI,3,3,pass,0.679045093,377,0.467463892,0.554376658,377,0.438005873,1,377,0
CHI,3,3,run,0,89,0,1,89,0,0.561797753,89,0.45739023
CHI,3,4,pass,0.9,10,0.316227766,0.4,10,0.394405319,1,10,0
CHI,3,4,run,0,12,0,1,12,0,0.458333333,12,0.396480731
CHI,4,1,pass,0.727419355,620,0.445646453,0.596774194,620,0.435117477,1,620,0
CHI,4,1,run,0,506,0,1,506,0,0.519762846,506,0.46523149
CHI,4,2,pass,0.767206478,494,0.423040154,0.537449393,494,0.434461701,1,494,0
CHI,4,2,run,0,355,0,1,355,0,0.51971831,355,0.45211984
CHI,4,3,pass,0.722084367,403,0.44852841,0.576923077,403,0.430825266,1,403,0
CHI,4,3,run,0,138,0,1,138,0,0.471014493,138,0.447083476
CHI,4,4,pass,0.655737705,61,0.479070138,0.639344262,61,0.409584622,1,61,0
CHI,4,4,run,0,18,0,1,18,0,0.361111111,18,0.447396243
CHI,5,1,pass,0.6,15,0.507092553,0.8,15,0.414039336,1,15,0
CHI,5,1,run,0,19,0,1,19,0,0.342105263,19,0.374634325
CHI,5,2,pass,1,9,0,0.5,9,0.5,1,9,0
CHI,5,2,run,0,12,0,1,12,0,0.583333333,12,0.468718433
CHI,5,3,pass,0.7,10,0.483045892,0.65,10,0.411636301,1,10,0
CHI,5,3,run,0,5,0,1,5,0,0.6,5,0.547722558
CHI,5,4,pass,0.5,2,0.707106781,0.75,2,0.353553391,1,2,0
CIN,1,1,pass,0.769931663,439,0.421356523,0.55808656,439,0.441222856,1,439,0
CIN,1,1,run,0,596,0,1,596,0,0.503355705,596,0.4665145
CIN,1,2,pass,0.81840796,402,0.385988323,0.569651741,402,0.438342353,1,402,0
CIN,1,2,run,0,377,0,1,377,0,0.535809019,377,0.463470311
CIN,1,3,pass,0.816901408,355,0.387293198,0.525352113,355,0.426097224,1,355,0
CIN,1,3,run,0,93,0,1,93,0,0.559139785,93,0.402772068
CIN,1,4,pass,0.857142857,7,0.377964473,0.571428571,7,0.449867705,1,7,0
CIN,1,4,run,0,19,0,1,19,0,0.605263158,19,0.458831468
CIN,2,1,pass,0.777966102,590,0.415966482,0.570338983,590,0.431821923,1,590,0
CIN,2,1,run,0,539,0,1,539,0,0.503710575,539,0.453184886
CIN,2,2,pass,0.780952381,525,0.413995436,0.552380952,525,0.435341236,1,525,0
CIN,2,2,run,0,346,0,1,346,0,0.507225434,346,0.452791459
CIN,2,3,pass,0.742663657,443,0.437660525,0.558690745,443,0.420014115,1,443,0
CIN,2,3,run,0,130,0,1,130,0,0.534615385,130,0.432177027
CIN,2,4,pass,0.909090909,11,0.301511345,0.409090909,11,0.436931449,1,11,0
CIN,2,4,run,0,20,0,1,20,0,0.475,20,0.472256621
CIN,3,1,pass,0.795045045,444,0.404124054,0.581081081,444,0.444634633,1,444,0
CIN,3,1,run,0,586,0,1,586,0,0.471843003,586,0.462777585
CIN,3,2,pass,0.809012876,466,0.393501365,0.542918455,466,0.436608707,1,466,0
CIN,3,2,run,0,320,0,1,320,0,0.490625,320,0.459902794
CIN,3,3,pass,0.716049383,405,0.451470861,0.562962963,405,0.422581776,1,405,0
CIN,3,3,run,0,86,0,1,86,0,0.453488372,86,0.438096867
CIN,3,4,pass,0.2,5,0.447213595,0.3,5,0.447213595,1,5,0
CIN,3,4,run,0,13,0,1,13,0,0.346153846,13,0.375533808
CIN,4,1,pass,0.744801512,529,0.436385386,0.573724008,529,0.433285466,1,529,0
CIN,4,1,run,0,574,0,1,574,0,0.505226481,574,0.461396924
CIN,4,2,pass,0.787056367,479,0.409816138,0.623173278,479,0.416030194,1,479,0
CIN,4,2,run,0,375,0,1,375,0,0.512,375,0.452846021
CIN,4,3,pass,0.720698254,401,0.449216553,0.551122195,401,0.433595419,1,401,0
CIN,4,3,run,0,149,0,1,149,0,0.597315436,149,0.40967131
CIN,4,4,pass,0.755102041,49,0.434483038,0.551020408,49,0.44773618,1,49,0
CIN,4,4,run,0,17,0,1,17,0,0.558823529,17,0.428746463
CIN,5,1,pass,0.818181818,22,0.394771017,0.613636364,22,0.434571989,1,22,0
CIN,5,1,run,0,22,0,1,22,0,0.568181818,22,0.444421897
CIN,5,2,pass,0.75,24,0.442325868,0.583333333,24,0.458415671,1,24,0
CIN,5,2,run,0,11,0,1,11,0,0.5,11,0.5
CIN,5,3,pass,0.666666667,15,0.487950036,0.666666667,15,0.449867705,1,15,0
CIN,5,3,run,0,8,0,1,8,0,0.75,8,0.267261242
CIN,5,4,pass,1,1,,1,1,,1,1,
CIN,5,4,run,0,1,,1,1,,0.5,1,
CLE,1,1,pass,0.718446602,412,0.450303509,0.560679612,412,0.458716632,1,412,0
CLE,1,1,run,0,553,0,1,553,0,0.51084991,553,0.463201877
CLE,1,2,pass,0.794285714,350,0.404801311,0.534285714,350,0.454485986,1,350,0
CLE,1,2,run,0,387,0,1,387,0,0.497416021,387,0.460899706
CLE,1,3,pass,0.727979275,386,0.445578054,0.628238342,386,0.433656163,1,386,0
CLE,1,3,run,0,86,0,1,86,0,0.488372093,86,0.440432569
CLE,1,4,pass,1,7,0,0.642857143,7,0.475594866,1,7,0
CLE,1,4,run,0,12,0,1,12,0,0.416666667,12,0.358870281
CLE,2,1,pass,0.739449541,545,0.439338228,0.586238532,545,0.447515176,1,545,0
CLE,2,1,run,0,579,0,1,579,0,0.519861831,579,0.462282566
CLE,2,2,pass,0.785992218,514,0.410531781,0.604085603,514,0.444111177,1,514,0
CLE,2,2,run,0,359,0,1,359,0,0.493036212,359,0.462965274
CLE,2,3,pass,0.740820734,463,0.438658147,0.57775378,463,0.445518483,1,463,0
CLE,2,3,run,0,121,0,1,121,0,0.52892562,121,0.42474267
CLE,2,4,pass,0.833333333,12,0.389249472,0.583333333,12,0.468718433,1,12,0
CLE,2,4,run,0,13,0,1,13,0,0.576923077,13,0.400320385
CLE,3,1,pass,0.757142857,420,0.429320859,0.564285714,420,0.452424616,1,420,0
CLE,3,1,run,0,586,0,1,586,0,0.557167235,586,0.459161066
CLE,3,2,pass,0.733333333,435,0.442725812,0.58045977,435,0.448201496,1,435,0
CLE,3,2,run,0,331,0,1,331,0,0.525679758,331,0.45902308
CLE,3,3,pass,0.741772152,395,0.438214998,0.624050633,395,0.430209248,1,395,0
CLE,3,3,run,0,90,0,1,90,0,0.488888889,90,0.430428176
CLE,3,4,pass,0.9,10,0.316227766,0.45,10,0.497214463,1,10,0
CLE,3,4,run,0,11,0,1,11,0,0.545454545,11,0.350324525
CLE,4,1,pass,0.741556535,681,0.438100764,0.576358297,681,0.4270786,1,681,0
CLE,4,1,run,0,404,0,1,404,0,0.545792079,404,0.446666302
CLE,4,2,pass,0.754782609,575,0.430590608,0.572173913,575,0.436278973,1,575,0
CLE,4,2,run,0,253,0,1,253,0,0.5256917,253,0.461119256
CLE,4,3,pass,0.745054945,455,0.436310052,0.601098901,455,0.441137523,1,455,0
CLE,4,3,run,0,122,0,1,122,0,0.512295082,122,0.428639568
CLE,4,4,pass,0.770833333,96,0.422502985,0.546875,96,0.423507441,1,96,0
CLE,4,4,run,0,19,0,1,19,0,0.684210526,19,0.341992784
CLE,5,1,pass,0.733333333,15,0.457737708,0.333333333,15,0.40824829,1,15,0
CLE,5,1,run,0,27,0,1,27,0,0.611111111,27,0.466849781
CLE,5,2,pass,0.821428571,28,0.390021028,0.642857143,28,0.46859014,1,28,0
CLE,5,2,run,0,10,0,1,10,0,0.5,10,0.471404521
CLE,5,3,pass,0.615384615,26,0.496138938,0.826923077,26,0.314398082,1,26,0
CLE,5,3,run,0,5,0,1,5,0,0.6,5,0.547722558
CLE,5,4,pass,0,1,,0,1,,1,1,
DAL,1,1,pass,0.806378132,439,0.395586788,0.560364465,439,0.454933237,1,439,0
DAL,1,1,run,0,664,0,1,664,0,0.493222892,664,0.444031141
DAL,1,2,pass,0.830548926,419,0.375598323,0.548926014,419,0.443579979,1,419,0
DAL,1,2,run,0,390,0,1,390,0,0.51025641,390,0.427099304
DAL,1,3,pass,0.78358209,402,0.412315528,0.536069652,402,0.430237973,1,402,0
DAL,1,3,run,0,71,0,1,71,0,0.415492958,71,0.405197619
DAL,1,4,pass,0.666666667,3,0.577350269,0.833333333,3,0.288675135,1,3,0
DAL,1,4,run,0,14,0,1,14,0,0.571428571,14,0.385164443
DAL,2,1,pass,0.788401254,638,0.408762288,0.550940439,638,0.4404836,1,638,0
DAL,2,1,run,0,532,0,1,532,0,0.521616541,532,0.43935711
DAL,2,2,pass,0.807622505,551,0.39452615,0.529945554,551,0.439536736,1,551,0
DAL,2,2,run,0,325,0,1,325,0,0.483076923,325,0.423670481
DAL,2,3,pass,0.740139211,431,0.439067701,0.530162413,431,0.430272733,1,431,0
DAL,2,3,run,0,98,0,1,98,0,0.469387755,98,0.392036229
DAL,2,4,pass,0.333333333,3,0.577350269,0.5,3,0.5,1,3,0
DAL,2,4,run,0,13,0,1,13,0,0.576923077,13,0.400320385
DAL,3,1,pass,0.746543779,434,0.435491853,0.551843318,434,0.435395616,1,434,0
DAL,3,1,run,0,560,0,1,560,0,0.486607143,560,0.442891688
DAL,3,2,pass,0.784503632,413,0.411664934,0.549636804,413,0.435757474,1,413,0
DAL,3,2,run,0,327,0,1,327,0,0.504587156,327,0.429877709
DAL,3,3,pass,0.744927536,345,0.436535059,0.547826087,345,0.437888929,1,345,0
DAL,3,3,run,0,72,0,1,72,0,0.534722222,72,0.41389926
DAL,3,4,pass,1,4,0,0.75,4,0.288675135,1,4,0
DAL,3,4,run,0,11,0,1,11,0,0.636363636,11,0.323334895
DAL,4,1,pass,0.811165846,609,0.391698545,0.552545156,609,0.434564503,1,609,0
DAL,4,1,run,0,558,0,1,558,0,0.490143369,558,0.436642545
DAL,4,2,pass,0.789855072,552,0.40778092,0.54076087,552,0.43200642,1,552,0
DAL,4,2,run,0,314,0,1,314,0,0.517515924,314,0.440206394
DAL,4,3,pass,0.746770026,387,0.435424462,0.545219638,387,0.431765433,1,387,0
DAL,4,3,run,0,152,0,1,152,0,0.480263158,152,0.418454975
DAL,4,4,pass,0.789473684,57,0.411306373,0.561403509,57,0.390400155,1,57,0
DAL,4,4,run,0,20,0,1,20,0,0.525,20,0.379577327
DAL,5,1,pass,0.666666667,12,0.492365964,0.791666667,12,0.334278962,1,12,0
DAL,5,1,run,0,24,0,1,24,0,0.666666667,24,0.350982059
DAL,5,2,pass,0.842105263,19,0.374634325,0.5,19,0.5,1,19,0
DAL,5,2,run,0,8,0,1,8,0,0.4375,8,0.320434972
DAL,5,3,pass,0.6,10,0.516397779,0.1,10,0.210818511,1,10,0
DAL,5,3,run,0,7,0,1,7,0,0.571428571,7,0.34503278
DAL,5,4,pass,1,1,,1,1,,1,1,
DAL,5,4,run,0,2,0,1,2,0,0.25,2,0.353553391
DEN,1,1,pass,0.761506276,478,0.426608967,0.498953975,478,0.451527751,1,478,0
DEN,1,1,run,0,588,0,1,588,0,0.512755102,588,0.416144256
DEN,1,2,pass,0.826697892,427,0.378952237,0.491803279,427,0.457645822,1,427,0
DEN,1,2,run,0,359,0,1,359,0,0.488857939,359,0.416004646
DEN,1,3,pass,0.762273902,387,0.426241554,0.5374677,387,0.44432728,1,387,0
DEN,1,3,run,0,90,0,1,90,0,0.444444444,90,0.370578385
DEN,1,4,pass,1,6,0,0.75,6,0.273861279,1,6,0
DEN,1,4,run,0,7,0,1,7,0,0.785714286,7,0.267261242
DEN,2,1,pass,0.752411576,622,0.431958769,0.5,622,0.448651585,1,622,0
DEN,2,1,run,0.001811594,552,0.042562827,0.998188406,552,0.042562827,0.495471014,552,0.411360184
DEN,2,2,pass,0.79122807,570,0.406788054,0.533333333,570,0.449304611,1,570,0
DEN,2,2,run,0,321,0,1,321,0,0.517133956,321,0.391933362
DEN,2,3,pass,0.744034707,461,0.436876501,0.534707158,461,0.443417277,1,461,0
DEN,2,3,run,0,123,0,1,123,0,0.581300813,123,0.358583185
DEN,2,4,pass,0.384615385,13,0.506369684,0.730769231,13,0.43852901,1,13,0
DEN,2,4,run,0,11,0,1,11,0,0.318181818,11,0.404519917
DEN,3,1,pass,0.752417795,517,0.43202578,0.52901354,517,0.454445733,1,517,0
DEN,3,1,run,0,590,0,1,590,0,0.521186441,590,0.403686681
DEN,3,2,pass,0.8,430,0.400465929,0.487209302,430,0.44689984,1,430,0
DEN,3,2,run,0,347,0,1,347,0,0.510086455,347,0.390326295
DEN,3,3,pass,0.754874652,359,0.43076186,0.513927577,359,0.445117404,1,359,0
DEN,3,3,run,0,89,0,1,89,0,0.5,89,0.376889181
DEN,3,4,pass,0.857142857,7,0.377964473,0.428571429,7,0.449867705,1,7,0
DEN,3,4,run,0,11,0,1,11,0,0.409090909,11,0.375378597
DEN,4,1,pass,0.732171157,631,0.443179217,0.524564184,631,0.439821853,1,631,0
DEN,4,1,run,0,556,0,1,556,0,0.512589928,556,0.402496423
DEN,4,2,pass,0.794392523,535,0.404523064,0.504672897,535,0.446036053,1,535,0
DEN,4,2,run,0,387,0,1,387,0,0.518087855,387,0.400367011
DEN,4,3,pass,0.730310263,419,0.444329126,0.509546539,419,0.452166009,1,419,0
DEN,4,3,run,0,153,0,1,153,0,0.5,153,0.413585096
DEN,4,4,pass,0.722222222,72,0.451046427,0.541666667,72,0.449960875,1,72,0
DEN,4,4,run,0,20,0,1,20,0,0.525,20,0.343166371
DEN,5,1,pass,0.583333333,12,0.514928651,0.583333333,12,0.468718433,1,12,0
DEN,5,1,run,0,29,0,1,29,0,0.465517241,29,0.461577932
DEN,5,2,pass,0.714285714,14,0.468807231,0.785714286,14,0.377964473,1,14,0
DEN,5,2,run,0,20,0,1,20,0,0.475,20,0.412788974
DEN,5,3,pass,0.7,20,0.470162346,0.725,20,0.443520604,1,20,0
DEN,5,3,run,0,5,0,1,5,0,0.3,5,0.447213595
DET,1,1,pass,0.789029536,474,0.408428519,0.587552743,474,0.443693324,1,474,0
DET,1,1,run,0,577,0,1,577,0,0.477469671,577,0.435425849
DET,1,2,pass,0.875278396,449,0.330771522,0.55233853,449,0.436912985,1,449,0
DET,1,2,run,0,344,0,1,344,0,0.505813953,344,0.42682765
DET,1,3,pass,0.772397094,413,0.419793427,0.566585956,413,0.427849914,1,413,0
DET,1,3,run,0,78,0,1,78,0,0.506410256,78,0.422527873
DET,1,4,pass,0.8,5,0.447213595,0.6,5,0.418330013,1,5,0
DET,1,4,run,0,10,0,1,10,0,0.35,10,0.474341649
DET,2,1,pass,0.788235294,680,0.408859692,0.561029412,680,0.435395102,1,680,0
DET,2,1,run,0,562,0,1,562,0,0.485765125,562,0.435472823
DET,2,2,pass,0.769465649,655,0.421496738,0.549618321,655,0.438299125,1,655,0
DET,2,2,run,0,292,0,1,292,0,0.517123288,292,0.403653349
DET,2,3,pass,0.721893491,507,0.448508689,0.560157791,507,0.430816825,1,507,0
DET,2,3,run,0,85,0,1,85,0,0.505882353,85,0.432972269
DET,2,4,pass,0.6,15,0.507092553,0.766666667,15,0.416904694,1,15,0
DET,2,4,run,0,9,0,1,9,0,0.444444444,9,0.39086798
DET,3,1,pass,0.743529412,425,0.437199239,0.557647059,425,0.440672854,1,425,0
DET,3,1,run,0,605,0,1,605,0,0.466942149,605,0.443568542
DET,3,2,pass,0.847953216,513,0.359416712,0.564327485,513,0.434986514,1,513,0
DET,3,2,run,0,264,0,1,264,0,0.53219697,264,0.427105947
DET,3,3,pass,0.776119403,402,0.417362417,0.569651741,402,0.429724006,1,402,0
DET,3,3,run,0,60,0,1,60,0,0.491666667,60,0.426770159
DET,3,4,pass,0.666666667,6,0.516397779,0.75,6,0.418330013,1,6,0
DET,3,4,run,0,9,0,1,9,0,0.277777778,9,0.263523138
DET,4,1,pass,0.777626194,733,0.416124898,0.559345157,733,0.428124142,1,733,0
DET,4,1,run,0,466,0,1,466,0,0.5472103,466,0.423658854
DET,4,2,pass,0.770061728,648,0.42111796,0.540895062,648,0.428263957,1,648,0
DET,4,2,run,0,259,0,1,259,0,0.555984556,259,0.439953415
DET,4,3,pass,0.733606557,488,0.442526006,0.544057377,488,0.423398702,1,488,0
DET,4,3,run,0,96,0,1,96,0,0.515625,96,0.400349354
DET,4,4,pass,0.696202532,79,0.46283492,0.613924051,79,0.41563488,1,79,0
DET,4,4,run,0,23,0,1,23,0,0.391304348,23,0.397621386
DET,5,1,pass,0.8125,16,0.403112887,0.5,16,0.483045892,1,16,0
DET,5,1,run,0,15,0,1,15,0,0.3,15,0.316227766
DET,5,2,pass,0.625,16,0.5,0.4375,16,0.442530602,1,16,0
DET,5,2,run,0,7,0,1,7,0,0.5,7,0.5
DET,5,3,pass,0.818181818,11,0.404519917,0.545454545,11,0.471939904,1,11,0
DET,5,3,run,0,3,0,1,3,0,0.666666667,3,0.288675135
DET,5,4,run,0,1,,1,1,,0.5,1,
GB,1,1,pass,0.787545788,546,0.409419619,0.554945055,546,0.452012114,1,546,0
GB,1,1,run,0,546,0,1,546,0,0.515567766,546,0.454574454
GB,1,2,pass,0.795100223,449,0.404078594,0.541202673,449,0.458032844,1,449,0
GB,1,2,run,0,353,0,1,353,0,0.457507082,353,0.450260676
GB,1,3,pass,0.657381616,359,0.475247477,0.58913649,359,0.419988136,1,359,0
GB,1,3,run,0,100,0,1,100,0,0.495,100,0.440929917
GB,1,4,pass,0.8,5,0.447213595,0.3,5,0.273861279,1,5,0
GB,1,4,run,0,13,0,1,13,0,0.5,13,0.456435465
GB,2,1,pass,0.775362319,690,0.417646248,0.57826087,690,0.444730334,1,690,0
GB,2,1,run,0,465,0,1,465,0,0.490322581,465,0.460056339
GB,2,2,pass,0.78238342,579,0.412982047,0.568221071,579,0.440303583,1,579,0
GB,2,2,run,0,298,0,1,298,0,0.459731544,298,0.430397117
GB,2,3,pass,0.689277899,457,0.463296402,0.633479212,457,0.41320784,1,457,0
GB,2,3,run,0,96,0,1,96,0,0.46875,96,0.421853679
GB,2,4,pass,0.470588235,17,0.514495755,0.5,17,0.433012702,1,17,0
GB,2,4,run,0,11,0,1,11,0,0.272727273,11,0.410099766
GB,3,1,pass,0.78515625,512,0.411115583,0.594726563,512,0.439390615,1,512,0
GB,3,1,run,0,581,0,1,581,0,0.512908778,581,0.447508783
GB,3,2,pass,0.780392157,510,0.414387425,0.584313725,510,0.448473748,1,510,0
GB,3,2,run,0,309,0,1,309,0,0.511326861,309,0.451226165
GB,3,3,pass,0.6675,400,0.471699057,0.5625,400,0.426084052,1,400,0
GB,3,3,run,0,73,0,1,73,0,0.534246575,73,0.427596376
GB,3,4,pass,0.7,20,0.470162346,0.675,20,0.43754699,1,20,0
GB,3,4,run,0,12,0,1,12,0,0.625,12,0.433012702
GB,4,1,pass,0.771217712,542,0.420436786,0.562730627,542,0.447558913,1,542,0
GB,4,1,run,0,548,0,1,548,0,0.493613139,548,0.450933717
GB,4,2,pass,0.776824034,466,0.416822851,0.557939914,466,0.441004772,1,466,0
GB,4,2,run,0,377,0,1,377,0,0.472148541,377,0.440495247
GB,4,3,pass,0.68956743,393,0.463260479,0.595419847,393,0.427593395,1,393,0
GB,4,3,run,0,135,0,1,135,0,0.603703704,135,0.42363167
GB,4,4,pass,0.592592593,54,0.495965554,0.555555556,54,0.430737265,1,54,0
GB,4,4,run,0,15,0,1,15,0,0.566666667,15,0.457737708
GB,5,1,pass,0.857142857,14,0.36313652,0.678571429,14,0.420948693,1,14,0
GB,5,1,run,0,8,0,1,8,0,0.3125,8,0.458062691
GB,5,2,pass,0.875,8,0.353553391,0.625,8,0.44320263,1,8,0
GB,5,2,run,0,9,0,1,9,0,0.722222222,9,0.440958552
GB,5,3,pass,0.555555556,9,0.527046277,0.666666667,9,0.433012702,1,9,0
GB,5,3,run,0,1,,1,1,,1,1,
HOU,1,1,pass,0.769911504,452,0.421355632,0.57300885,452,0.436907871,1,452,0
HOU,1,1,run,0,626,0,1,626,0,0.53514377,626,0.455590759
HOU,1,2,pass,0.797674419,430,0.402201617,0.534883721,430,0.430418954,1,430,0
HOU,1,2,run,0,391,0,1,391,0,0.523017903,391,0.430541814
HOU,1,3,pass,0.794344473,389,0.40470034,0.568123393,389,0.433591838,1,389,0
HOU,1,3,run,0,126,0,1,126,0,0.484126984,126,0.423964659
HOU,1,4,pass,1,7,0,0.428571429,7,0.449867705,1,7,0
HOU,1,4,run,0,9,0,1,9,0,0.388888889,9,0.416666667
HOU,2,1,pass,0.745065789,608,0.43618308,0.521381579,608,0.417338471,1,608,0
HOU,2,1,run,0,573,0,1,573,0,0.510471204,573,0.433390384
HOU,2,2,pass,0.762452107,522,0.425988883,0.518199234,522,0.439370312,1,522,0
HOU,2,2,run,0,374,0,1,374,0,0.485294118,374,0.421185349
HOU,2,3,pass,0.772626932,453,0.419598876,0.529801325,453,0.426831509,1,453,0
HOU,2,3,run,0,126,0,1,126,0,0.515873016,126,0.38954593
HOU,2,4,pass,0.6,15,0.507092553,0.466666667,15,0.441857551,1,15,0
HOU,2,4,run,0,12,0,1,12,0,0.333333333,12,0.389249472
HOU,3,1,pass,0.765690377,478,0.424010309,0.514644351,478,0.429268525,1,478,0
HOU,3,1,run,0,642,0,1,642,0,0.491433022,642,0.436628127
HOU,3,2,pass,0.772828508,449,0.41947168,0.534521158,449,0.430984447,1,449,0
HOU,3,2,run,0,358,0,1,358,0,0.502793296,358,0.431586243
HOU,3,3,pass,0.79144385,374,0.406820604,0.522727273,374,0.428717203,1,374,0
HOU,3,3,run,0,108,0,1,108,0,0.486111111,108,0.389454047
HOU,3,4,pass,0.888888889,18,0.323380833,0.527777778,18,0.401182891,1,18,0
HOU,3,4,run,0,9,0,1,9,0,0.666666667,9,0.433012702
HOU,4,1,pass,0.731623932,585,0.443493597,0.524786325,585,0.426820433,1,585,0
HOU,4,1,run,0,544,0,1,544,0,0.473345588,544,0.438403917
HOU,4,2,pass,0.755060729,494,0.430487125,0.562753036,494,0.42142099,1,494,0
HOU,4,2,run,0,392,0,1,392,0,0.496173469,392,0.426861083
HOU,4,3,pass,0.757033248,391,0.429424656,0.540920716,391,0.436610689,1,391,0
HOU,4,3,run,0,184,0,1,184,0,0.486413043,184,0.402967358
HOU,4,4,pass,0.695652174,46,0.465215134,0.565217391,46,0.402888124,1,46,0
HOU,4,4,run,0,29,0,1,29,0,0.568965517,29,0.416707716
HOU,5,1,pass,0.777777778,27,0.423659273,0.611111111,27,0.375533808,1,27,0
HOU,5,1,run,0,24,0,1,24,0,0.604166667,24,0.416485468
HOU,5,2,pass,0.925925926,27,0.266880256,0.351851852,27,0.411722807,1,27,0
HOU,5,2,run,0,10,0,1,10,0,0.6,10,0.516397779
HOU,5,3,pass,0.777777778,9,0.440958552,0.666666667,9,0.5,1,9,0
HOU,5,3,run,0,4,0,1,4,0,0.25,4,0.288675135
IND,1,1,pass,0.756385069,509,0.429685264,0.542239686,509,0.454292404,1,509,0
IND,1,1,run,0,564,0,1,564,0,0.482269504,564,0.413628176
IND,1,2,pass,0.825263158,475,0.380142218,0.525263158,475,0.441030731,1,475,0
IND,1,2,run,0,349,0,1,349,0,0.514326648,349,0.400891129
IND,1,3,pass,0.803782506,423,0.397605237,0.522458629,423,0.444920364,1,423,0
IND,1,3,run,0,97,0,1,97,0,0.556701031,97,0.374139907
IND,1,4,pass,0.6,5,0.547722558,0.8,5,0.447213595,1,5,0
IND,1,4,run,0,7,0,1,7,0,0.357142857,7,0.475594866
IND,2,1,pass,0.72027972,715,0.44917594,0.536363636,715,0.44447203,1,715,0
IND,2,1,run,0,513,0,1,513,0,0.506822612,513,0.395842952
IND,2,2,pass,0.7696,625,0.42142615,0.54,625,0.428361518,1,625,0
IND,2,2,run,0,314,0,1,314,0,0.52388535,314,0.411771129
IND,2,3,pass,0.765116279,430,0.424419923,0.562790698,430,0.440662383,1,430,0
IND,2,3,run,0,113,0,1,113,0,0.411504425,113,0.379320872
IND,2,4,pass,0.75,12,0.452267017,0.583333333,12,0.417423555,1,12,0
IND,2,4,run,0,6,0,1,6,0,0.5,6,0.316227766
IND,3,1,pass,0.75249501,501,0.431993938,0.521956088,501,0.452235521,1,501,0
IND,3,1,run,0,490,0,1,490,0,0.494897959,490,0.396139977
IND,3,2,pass,0.8,460,0.400435493,0.52826087,460,0.443133546,1,460,0
IND,3,2,run,0,302,0,1,302,0,0.455298013,302,0.38513286
IND,3,3,pass,0.745257453,369,0.436308005,0.548780488,369,0.444232213,1,369,0
IND,3,3,run,0,95,0,1,95,0,0.489473684,95,0.37882059
IND,3,4,pass,0.8,10,0.421637021,0.5,10,0.40824829,1,10,0
IND,3,4,run,0,10,0,1,10,0,0.55,10,0.283823106
IND,4,1,pass,0.749221184,642,0.4337994,0.547507788,642,0.437695376,1,642,0
IND,4,1,run,0,511,0,1,511,0,0.512720157,511,0.385184751
IND,4,2,pass,0.795918367,539,0.40340332,0.52690167,539,0.439372495,1,539,0
IND,4,2,run,0,331,0,1,331,0,0.50755287,331,0.370221546
IND,4,3,pass,0.68973747,419,0.463154028,0.513126492,419,0.43659679,1,419,0
IND,4,3,run,0,130,0,1,130,0,0.492307692,130,0.383701956
IND,4,4,pass,0.781818182,55,0.416818154,0.581818182,55,0.405559015,1,55,0
IND,4,4,run,0,17,0,1,17,0,0.647058824,17,0.385871817
IND,5,1,pass,0.777777778,18,0.427792632,0.361111111,18,0.447396243,1,18,0
IND,5,1,run,0,14,0,1,14,0,0.607142857,14,0.400891863
IND,5,2,pass,0.846153846,13,0.375533808,0.576923077,13,0.449358517,1,13,0
IND,5,2,run,0,10,0,1,10,0,0.55,10,0.283823106
IND,5,3,pass,0.692307692,13,0.480384461,0.538461538,13,0.477036794,1,13,0
IND,5,3,run,0,3,0,1,3,0,0.166666667,3,0.288675135
IND,5,4,pass,1,1,,1,1,,1,1,
JAC,1,1,pass,0.732342007,269,0.443563523,0.520446097,269,0.455634487,1,269,0
JAC,1,1,run,0,407,0,1,407,0,0.470515971,407,0.383290754
JAC,1,2,pass,0.828947368,228,0.377383453,0.627192982,228,0.454111921,1,228,0
JAC,1,2,run,0,295,0,1,295,0,0.486440678,295,0.393163356
JAC,1,3,pass,0.746323529,272,0.43591666,0.595588235,272,0.440205864,1,272,0
JAC,1,3,run,0,68,0,1,68,0,0.5,68,0.356182077
JAC,1,4,pass,1,6,0,0.666666667,6,0.40824829,1,6,0
JAC,1,4,run,0,13,0,1,13,0,0.576923077,13,0.187766904
JAC,2,1,pass,0.721491228,456,0.448757469,0.560307018,456,0.442499288,1,456,0
JAC,2,1,run,0,359,0,1,359,0,0.48189415,359,0.374211693
JAC,2,2,pass,0.800524934,381,0.400131212,0.515748031,381,0.451329941,1,381,0
JAC,2,2,run,0,241,0,1,241,0,0.495850622,241,0.370786611
JAC,2,3,pass,0.716923077,325,0.451188154,0.589230769,325,0.426413075,1,325,0
JAC,2,3,run,0,82,0,1,82,0,0.542682927,82,0.378440754
JAC,2,4,pass,0.6,5,0.547722558,0.6,5,0.418330013,1,5,0
JAC,2,4,run,0,5,0,1,5,0,0.4,5,0.223606798
JAC,3,1,pass,0.684210526,304,0.465595933,0.623355263,304,0.434198847,1,304,0
JAC,3,1,run,0,367,0,1,367,0,0.486376022,367,0.367504805
JAC,3,2,pass,0.795053004,283,0.404377966,0.572438163,283,0.448658432,1,283,0
JAC,3,2,run,0,238,0,1,238,0,0.491596639,238,0.373054409
JAC,3,3,pass,0.719723183,289,0.449913486,0.636678201,289,0.428382014,1,289,0
JAC,3,3,run,0,78,0,1,78,0,0.519230769,78,0.381745034
JAC,3,4,pass,1,6,0,0.166666667,6,0.25819889,1,6,0
JAC,3,4,run,0,17,0,1,17,0,0.705882353,17,0.309173471
JAC,4,1,pass,0.715909091,528,0.451408009,0.577651515,528,0.437381131,1,528,0
JAC,4,1,run,0,317,0,1,317,0,0.504731861,317,0.359072743
JAC,4,2,pass,0.794416244,394,0.404641379,0.516497462,394,0.438719994,1,394,0
JAC,4,2,run,0,236,0,1,236,0,0.502118644,236,0.352793959
JAC,4,3,pass,0.746753247,308,0.435578739,0.592532468,308,0.433201944,1,308,0
JAC,4,3,run,0,100,0,1,100,0,0.535,100,0.319840554
JAC,4,4,pass,0.68,75,0.469617441,0.553333333,75,0.431632142,1,75,0
JAC,4,4,run,0,24,0,1,24,0,0.583333333,24,0.380693494
JAC,5,1,pass,1,6,0,0.75,6,0.418330013,1,6,0
JAC,5,1,run,0,12,0,1,12,0,0.375,12,0.376889181
JAC,5,2,pass,0.8,10,0.421637021,0.4,10,0.516397779,1,10,0
JAC,5,2,run,0,5,0,1,5,0,0.5,5,0.5
JAC,5,3,pass,0.888888889,9,0.333333333,0.722222222,9,0.363241579,1,9,0
JAC,5,3,run,0,3,0,1,3,0,0.5,3,0
JAC,5,4,pass,0.333333333,3,0.577350269,0.666666667,3,0.288675135,1,3,0
JAX,1,1,pass,0.822429907,107,0.3839488,0.598130841,107,0.436750719,1,107,0
JAX,1,1,run,0,190,0,1,190,0,0.563157895,190,0.383123512
JAX,1,2,pass,0.81372549,102,0.391250652,0.460784314,102,0.426163373,1,102,0
JAX,1,2,run,0,119,0,1,119,0,0.504201681,119,0.382320071
JAX,1,3,pass,0.713043478,115,0.454320727,0.573913043,115,0.4148741,1,115,0
JAX,1,3,run,0,27,0,1,27,0,0.481481481,27,0.324673845
JAX,1,4,pass,1,1,,0.5,1,,1,1,
JAX,1,4,run,0,3,0,1,3,0,0.5,3,0.5
JAX,2,1,pass,0.771929825,171,0.420820369,0.549707602,171,0.429277679,1,171,0
JAX,2,1,run,0,170,0,1,170,0,0.529411765,170,0.371729853
JAX,2,2,pass,0.827160494,162,0.379280897,0.533950617,162,0.421202594,1,162,0
JAX,2,2,run,0,115,0,1,115,0,0.486956522,115,0.388772639
JAX,2,3,pass,0.79020979,143,0.408589929,0.527972028,143,0.431082096,1,143,0
JAX,2,3,run,0,38,0,1,38,0,0.552631579,38,0.363717177
JAX,2,4,pass,0.75,4,0.5,0.375,4,0.478713554,1,4,0
JAX,2,4,run,0,5,0,1,5,0,0.6,5,0.418330013
JAX,3,1,pass,0.791666667,144,0.407533945,0.5625,144,0.421763696,1,144,0
JAX,3,1,run,0,172,0,1,172,0,0.563953488,172,0.388402875
JAX,3,2,pass,0.748091603,131,0.435775374,0.541984733,131,0.443058287,1,131,0
JAX,3,2,run,0,114,0,1,114,0,0.495614035,114,0.373311029
JAX,3,3,pass,0.78030303,132,0.415618622,0.598484848,132,0.41184464,1,132,0
JAX,3,3,run,0,26,0,1,26,0,0.5,26,0.374165739
JAX,3,4,pass,1,5,0,0.5,5,0.5,1,5,0
JAX,3,4,run,0,2,0,1,2,0,1,2,0
JAX,4,1,pass,0.806930693,202,0.395687556,0.54950495,202,0.414326466,1,202,0
JAX,4,1,run,0,135,0,1,135,0,0.477777778,135,0.390496558
JAX,4,2,pass,0.765822785,158,0.42483,0.534810127,158,0.433902043,1,158,0
JAX,4,2,run,0,96,0,1,96,0,0.447916667,96,0.380298821
JAX,4,3,pass,0.792,125,0.407510142,0.556,125,0.407668429,1,125,0
JAX,4,3,run,0,41,0,1,41,0,0.390243902,41,0.34482233
JAX,4,4,pass,0.666666667,15,0.487950036,0.366666667,15,0.399404318,1,15,0
JAX,4,4,run,0,6,0,1,6,0,0.333333333,6,0.25819889
JAX,5,1,pass,1,2,0,0.5,2,0.707106781,1,2,0
JAX,5,1,run,0,6,0,1,6,0,0.416666667,6,0.376386326
JAX,5,2,pass,0.75,4,0.5,0.875,4,0.25,1,4,0
JAX,5,2,run,0,4,0,1,4,0,0.25,4,0.288675135
JAX,5,3,pass,0.75,4,0.5,0.5,4,0.577350269,1,4,0
JAX,5,3,run,0,2,0,1,2,0,0.25,2,0.353553391
KC,1,1,pass,0.753779698,463,0.431274376,0.576673866,463,0.455908963,1,463,0
KC,1,1,run,0,557,0,1,557,0,0.5,557,0.412266939
KC,1,2,pass,0.844504021,373,0.362863586,0.540214477,373,0.459068666,1,373,0
KC,1,2,run,0,381,0,1,381,0,0.515748031,381,0.39870023
KC,1,3,pass,0.775623269,361,0.417750207,0.567867036,361,0.447484505,1,361,0
KC,1,3,run,0,101,0,1,101,0,0.50990099,101,0.406080029
KC,1,4,pass,0.6,5,0.547722558,0.8,5,0.447213595,1,5,0
KC,1,4,run,0,13,0,1,13,0,0.576923077,13,0.277350098
KC,2,1,pass,0.733102253,577,0.442722298,0.583188908,577,0.435026604,1,577,0
KC,2,1,run,0,563,0,1,563,0,0.517761989,563,0.40858749
KC,2,2,pass,0.801169591,513,0.399509705,0.566276803,513,0.439163331,1,513,0
KC,2,2,run,0,345,0,1,345,0,0.528985507,345,0.404229618
KC,2,3,pass,0.745238095,420,0.436246947,0.598809524,420,0.430488995,1,420,0
KC,2,3,run,0,138,0,1,138,0,0.47826087,138,0.386211078
KC,2,4,pass,0.615384615,13,0.506369684,0.576923077,13,0.449358517,1,13,0
KC,2,4,run,0,17,0,1,17,0,0.558823529,17,0.390606617
KC,3,1,pass,0.799554566,449,0.40078024,0.56013363,449,0.44540409,1,449,0
KC,3,1,run,0,597,0,1,597,0,0.52680067,597,0.388749478
KC,3,2,pass,0.807142857,420,0.395012375,0.564285714,420,0.443096841,1,420,0
KC,3,2,run,0,334,0,1,334,0,0.504491018,334,0.388433612
KC,3,3,pass,0.743732591,359,0.437180524,0.584958217,359,0.43473094,1,359,0
KC,3,3,run,0,105,0,1,105,0,0.5,105,0.379777263
KC,3,4,pass,0.909090909,11,0.301511345,0.454545455,11,0.471939904,1,11,0
KC,3,4,run,0,14,0,1,14,0,0.714285714,14,0.323103086
KC,4,1,pass,0.725146199,513,0.446876342,0.533138402,513,0.448383919,1,513,0
KC,4,1,run,0,584,0,1,584,0,0.502568493,584,0.38684666
KC,4,2,pass,0.782327586,464,0.413108864,0.564655172,464,0.438582896,1,464,0
KC,4,2,run,0,384,0,1,384,0,0.484375,384,0.388833195
KC,4,3,pass,0.759213759,407,0.428087016,0.566339066,407,0.436084361,1,407,0
KC,4,3,run,0,154,0,1,154,0,0.535714286,154,0.379659044
KC,4,4,pass,0.666666667,57,0.475594866,0.587719298,57,0.391001542,1,57,0
KC,4,4,run,0,18,0,1,18,0,0.583333333,18,0.428746463
KC,5,1,pass,0.772727273,22,0.428932027,0.636363636,22,0.467562529,1,22,0
KC,5,1,run,0,27,0,1,27,0,0.555555556,27,0.400320385
KC,5,2,pass,0.818181818,22,0.394771017,0.590909091,22,0.453461912,1,22,0
KC,5,2,run,0,15,0,1,15,0,0.366666667,15,0.441857551
KC,5,3,pass,0.866666667,15,0.351865775,0.4,15,0.430945804,1,15,0
KC,5,3,run,0,4,0,1,4,0,0.5,4,0.40824829
KC,5,4,pass,0,1,,0.5,1,,1,1,
KC,5,4,run,0,1,,1,1,,1,1,
LA,1,1,pass,0.78,150,0.415634067,0.546666667,150,0.453719404,1,150,0
LA,1,1,run,0,163,0,1,163,0,0.552147239,163,0.425330289
LA,1,2,pass,0.863309353,139,0.344762864,0.564748201,139,0.441647658,1,139,0
LA,1,2,run,0,82,0,1,82,0,0.487804878,82,0.422920546
LA,1,3,pass,0.817391304,115,0.388036187,0.573913043,115,0.430439791,1,115,0
LA,1,3,run,0,12,0,1,12,0,0.75,12,0.337099931
LA,1,4,pass,0.666666667,3,0.577350269,1,3,0,1,3,0
LA,1,4,run,0,1,,1,1,,0,1,
LA,2,1,pass,0.704142012,169,0.457783874,0.526627219,169,0.444075937,1,169,0
LA,2,1,run,0,165,0,1,165,0,0.509090909,165,0.429381032
LA,2,2,pass,0.808641975,162,0.394589977,0.533950617,162,0.449729191,1,162,0
LA,2,2,run,0,78,0,1,78,0,0.474358974,78,0.410079466
LA,2,3,pass,0.759124088,137,0.429184374,0.547445255,137,0.449195407,1,137,0
LA,2,3,run,0,26,0,1,26,0,0.576923077,26,0.365849906
LA,2,4,pass,1,5,0,0.8,5,0.447213595,1,5,0
LA,2,4,run,0,7,0,1,7,0,0.428571429,7,0.34503278
LA,3,1,pass,0.682119205,151,0.467202468,0.51986755,151,0.446769123,1,151,0
LA,3,1,run,0,175,0,1,175,0,0.437142857,175,0.417357391
LA,3,2,pass,0.713235294,136,0.453922627,0.547794118,136,0.442545986,1,136,0
LA,3,2,run,0,94,0,1,94,0,0.393617021,94,0.426742729
LA,3,3,pass,0.79047619,105,0.408920674,0.576190476,105,0.414757531,1,105,0
LA,3,3,run,0,26,0,1,26,0,0.442307692,26,0.382803424
LA,3,4,pass,0.75,4,0.5,0.5,4,0.577350269,1,4,0
LA,3,4,run,0,1,,1,1,,0,1,
LA,4,1,pass,0.763888889,144,0.426173593,0.534722222,144,0.452857199,1,144,0
LA,4,1,run,0,169,0,1,169,0,0.50887574,169,0.441430888
LA,4,2,pass,0.842465753,146,0.365557791,0.506849315,146,0.451000043,1,146,0
LA,4,2,run,0,117,0,1,117,0,0.542735043,117,0.428372268
LA,4,3,pass,0.75,128,0.434714134,0.59375,128,0.429016454,1,128,0
LA,4,3,run,0,53,0,1,53,0,0.443396226,53,0.423587896
LA,4,4,pass,0.611111111,18,0.501631326,0.638888889,18,0.447396243,1,18,0
LA,4,4,run,0,8,0,1,8,0,0.625,8,0.353553391
LAC,1,1,pass,0.693333333,75,0.464214924,0.56,75,0.457372047,1,75,0
LAC,1,1,run,0,117,0,1,117,0,0.457264957,117,0.407751665
LAC,1,2,pass,0.810126582,79,0.394706946,0.525316456,79,0.415244245,1,79,0
LAC,1,2,run,0,50,0,1,50,0,0.51,50,0.410201543
LAC,1,3,pass,0.757142857,70,0.431905595,0.521428571,70,0.403209176,1,70,0
LAC,1,3,run,0,9,0,1,9,0,0.555555556,9,0.166666667
LAC,1,4,pass,1,1,,1,1,,1,1,
LAC,1,4,run,0,2,0,1,2,0,0.5,2,0
LAC,2,1,pass,0.717391304,138,0.451908046,0.460144928,138,0.423151171,1,138,0
LAC,2,1,run,0,114,0,1,114,0,0.5,114,0.415411088
LAC,2,2,pass,0.801587302,126,0.400396629,0.535714286,126,0.420373983,1,126,0
LAC,2,2,run,0,54,0,1,54,0,0.481481481,54,0.400034939
LAC,2,3,pass,0.804597701,87,0.398808705,0.471264368,87,0.440377229,1,87,0
LAC,2,3,run,0,17,0,1,17,0,0.558823529,17,0.348315273
LAC,2,4,pass,1,1,,0,1,,1,1,
LAC,2,4,run,0,3,0,1,3,0,0,3,0
LAC,3,1,pass,0.833333333,90,0.374765844,0.488888889,90,0.467949014,1,90,0
LAC,3,1,run,0,119,0,1,119,0,0.474789916,119,0.426101461
LAC,3,2,pass,0.811111111,90,0.39361318,0.538888889,90,0.444869491,1,90,0
LAC,3,2,run,0,51,0,1,51,0,0.5,51,0.412310563
LAC,3,3,pass,0.767123288,73,0.425589393,0.575342466,73,0.446212711,1,73,0
LAC,3,3,run,0,13,0,1,13,0,0.615384615,13,0.362505526
LAC,3,4,pass,0,2,0,0.5,2,0.707106781,1,2,0
LAC,3,4,run,0,2,0,1,2,0,0.25,2,0.353553391
LAC,4,1,pass,0.79787234,94,0.403740235,0.526595745,94,0.448216425,1,94,0
LAC,4,1,run,0,120,0,1,120,0,0.433333333,120,0.414715319
LAC,4,2,pass,0.818181818,88,0.38790491,0.511363636,88,0.428692698,1,88,0
LAC,4,2,run,0,78,0,1,78,0,0.423076923,78,0.395403157
LAC,4,3,pass,0.831168831,77,0.377059168,0.545454545,77,0.445605872,1,77,0
LAC,4,3,run,0,17,0,1,17,0,0.470588235,17,0.277859465
LAC,4,4,pass,0.8,5,0.447213595,0.8,5,0.273861279,1,5,0
LAC,4,4,run,0,4,0,1,4,0,0.5,4,0
LAC,5,1,pass,1,1,,0,1,,1,1,
LAC,5,2,pass,0,1,,1,1,,1,1,
MIA,1,1,pass,0.822966507,418,0.382154443,0.539473684,418,0.454391532,1,418,0
MIA,1,1,run,0,544,0,1,544,0,0.511029412,544,0.428999057
MIA,1,2,pass,0.809392265,362,0.39332402,0.538674033,362,0.451094586,1,362,0
MIA,1,2,run,0,369,0,1,369,0,0.460704607,369,0.424072571
MIA,1,3,pass,0.721621622,370,0.448807595,0.577027027,370,0.440358101,1,370,0
MIA,1,3,run,0,83,0,1,83,0,0.427710843,83,0.399180029
MIA,1,4,pass,0.8,5,0.447213595,0.6,5,0.547722558,1,5,0
MIA,1,4,run,0,12,0,1,12,0,0.666666667,12,0.325669474
MIA,2,1,pass,0.752459016,610,0.43193784,0.568032787,610,0.447446026,1,610,0
MIA,2,1,run,0,549,0,1,549,0,0.483606557,549,0.428995727
MIA,2,2,pass,0.771317829,516,0.420391643,0.569767442,516,0.439523953,1,516,0
MIA,2,2,run,0,371,0,1,371,0,0.471698113,371,0.43790913
MIA,2,3,pass,0.765100671,447,0.424410883,0.55033557,447,0.439418311,1,447,0
MIA,2,3,run,0,102,0,1,102,0,0.549019608,102,0.375682902
MIA,2,4,pass,0.571428571,7,0.534522484,0.714285714,7,0.487950036,1,7,0
MIA,2,4,run,0,10,0,1,10,0,0.6,10,0.394405319
MIA,3,1,pass,0.779697624,463,0.414898824,0.595032397,463,0.447016503,1,463,0
MIA,3,1,run,0,550,0,1,550,0,0.512727273,550,0.435055236
MIA,3,2,pass,0.796208531,422,0.403293842,0.578199052,422,0.445135842,1,422,0
MIA,3,2,run,0,327,0,1,327,0,0.490825688,327,0.41064246
MIA,3,3,pass,0.734848485,396,0.441972251,0.568181818,396,0.44766367,1,396,0
MIA,3,3,run,0,84,0,1,84,0,0.547619048,84,0.400444389
MIA,3,4,pass,0.833333333,12,0.389249472,0.5,12,0.476731295,1,12,0
MIA,3,4,run,0,11,0,1,11,0,0.636363636,11,0.233549683
MIA,4,1,pass,0.71496063,635,0.451789072,0.570866142,635,0.449870335,1,635,0
MIA,4,1,run,0,459,0,1,459,0,0.532679739,459,0.424443648
MIA,4,2,pass,0.75711575,527,0.429233148,0.588235294,527,0.447101053,1,527,0
MIA,4,2,run,0,309,0,1,309,0,0.525889968,309,0.414011419
MIA,4,3,pass,0.727272727,440,0.445868729,0.576136364,440,0.431397136,1,440,0
MIA,4,3,run,0,125,0,1,125,0,0.488,125,0.408893077
MIA,4,4,pass,0.5625,80,0.499208234,0.55,80,0.447213595,1,80,0
MIA,4,4,run,0,16,0,1,16,0,0.59375,16,0.417083125
MIA,5,1,pass,0.555555556,9,0.527046277,0.888888889,9,0.220479276,1,9,0
MIA,5,1,run,0,21,0,1,21,0,0.428571429,21,0.455129495
MIA,5,2,pass,0.785714286,14,0.425815314,0.571428571,14,0.474631147,1,14,0
MIA,5,2,run,0,11,0,1,11,0,0.5,11,0.316227766
MIA,5,3,pass,0.571428571,7,0.534522484,0.714285714,7,0.267261242,1,7,0
MIA,5,3,run,0,4,0,1,4,0,0.75,4,0.5
MIN,1,1,pass,0.775193798,387,0.417995031,0.612403101,387,0.446229062,1,387,0
MIN,1,1,run,0,638,0,1,638,0,0.498432602,638,0.42488974
MIN,1,2,pass,0.758530184,381,0.428537221,0.585301837,381,0.454444978,1,381,0
MIN,1,2,run,0,382,0,1,382,0,0.513089005,382,0.426899199
MIN,1,3,pass,0.763636364,385,0.42540088,0.554545455,385,0.441512981,1,385,0
MIN,1,3,run,0,81,0,1,81,0,0.487654321,81,0.395089457
MIN,1,4,pass,1,6,0,0.333333333,6,0.40824829,1,6,0
MIN,1,4,run,0,9,0,1,9,0,0.277777778,9,0.363241579
MIN,2,1,pass,0.760399334,601,0.427195319,0.58985025,601,0.437127149,1,601,0
MIN,2,1,run,0,571,0,1,571,0,0.515761821,571,0.417507524
MIN,2,2,pass,0.80669145,538,0.395260353,0.572490706,538,0.444651355,1,538,0
MIN,2,2,run,0,338,0,1,338,0,0.50739645,338,0.421004553
MIN,2,3,pass,0.747228381,451,0.435083735,0.566518847,451,0.438442786,1,451,0
MIN,2,3,run,0,103,0,1,103,0,0.59223301,103,0.406729982
MIN,2,4,pass,0.714285714,7,0.487950036,0.571428571,7,0.449867705,1,7,0
MIN,2,4,run,0,12,0,1,12,0,0.583333333,12,0.358870281
MIN,3,1,pass,0.761538462,390,0.426690128,0.569230769,390,0.44384036,1,390,0
MIN,3,1,run,0,600,0,1,600,0,0.533333333,600,0.414336836
MIN,3,2,pass,0.791366906,417,0.406819633,0.534772182,417,0.452678469,1,417,0
MIN,3,2,run,0,314,0,1,314,0,0.496815287,314,0.424854101
MIN,3,3,pass,0.741847826,368,0.438213936,0.557065217,368,0.44077474,1,368,0
MIN,3,3,run,0,84,0,1,84,0,0.553571429,84,0.410831196
MIN,3,4,pass,0.777777778,9,0.440958552,0.666666667,9,0.353553391,1,9,0
MIN,3,4,run,0,3,0,1,3,0,0.833333333,3,0.288675135
MIN,4,1,pass,0.725457571,601,0.44665516,0.575707155,601,0.423881517,1,601,0
MIN,4,1,run,0,510,0,1,510,0,0.506862745,510,0.415150174
MIN,4,2,pass,0.808795411,523,0.393626282,0.600382409,523,0.439827386,1,523,0
MIN,4,2,run,0,370,0,1,370,0,0.491891892,370,0.422842606
MIN,4,3,pass,0.742459397,431,0.437787761,0.547563805,431,0.442705587,1,431,0
MIN,4,3,run,0,145,0,1,145,0,0.486206897,145,0.399412883
MIN,4,4,pass,0.722222222,72,0.451046427,0.5625,72,0.419065863,1,72,0
MIN,4,4,run,0,23,0,1,23,0,0.608695652,23,0.335631079
MIN,5,1,pass,0.666666667,12,0.492365964,0.583333333,12,0.417423555,1,12,0
MIN,5,1,run,0,21,0,1,21,0,0.428571429,21,0.426781978
MIN,5,2,pass,0.818181818,11,0.404519917,0.636363636,11,0.504524979,1,11,0
MIN,5,2,run,0,11,0,1,11,0,0.545454545,11,0.350324525
MIN,5,3,pass,0.714285714,7,0.487950036,0.428571429,7,0.449867705,1,7,0
MIN,5,3,run,0,6,0,1,6,0,0.416666667,6,0.49159604
NE,1,1,pass,0.795008913,561,0.404055391,0.462566845,561,0.438572978,1,561,0
NE,1,1,run,0,537,0,1,537,0,0.48603352,537,0.437609797
NE,1,2,pass,0.85915493,426,0.348270672,0.476525822,426,0.427758201,1,426,0
NE,1,2,run,0,360,0,1,360,0,0.461111111,360,0.408665044
NE,1,3,pass,0.739130435,368,0.439706744,0.480978261,368,0.422032347,1,368,0
NE,1,3,run,0,91,0,1,91,0,0.5,91,0.387298335
NE,1,4,pass,1,5,0,0.3,5,0.447213595,1,5,0
NE,1,4,run,0,14,0,1,14,0,0.464285714,14,0.414370965
NE,2,1,pass,0.763157895,722,0.425439318,0.473684211,722,0.439076069,1,722,0
NE,2,1,run,0,583,0,1,583,0,0.481132075,583,0.419237675
NE,2,2,pass,0.837837838,629,0.36889286,0.482511924,629,0.432198555,1,629,0
NE,2,2,run,0,344,0,1,344,0,0.444767442,344,0.400257138
NE,2,3,pass,0.775700935,428,0.417608026,0.511682243,428,0.427238803,1,428,0
NE,2,3,run,0,142,0,1,142,0,0.426056338,142,0.399233233
NE,2,4,pass,0.714285714,14,0.468807231,0.785714286,14,0.377964473,1,14,0
NE,2,4,run,0,11,0,1,11,0,0.636363636,11,0.393122697
NE,3,1,pass,0.779388084,621,0.414993524,0.483091787,621,0.431749001,1,621,0
NE,3,1,run,0,600,0,1,600,0,0.473333333,600,0.432551411
NE,3,2,pass,0.821568627,510,0.383251381,0.456862745,510,0.435531381,1,510,0
NE,3,2,run,0,344,0,1,344,0,0.459302326,344,0.426629042
NE,3,3,pass,0.77581864,397,0.417568294,0.532745592,397,0.419157125,1,397,0
NE,3,3,run,0,86,0,1,86,0,0.51744186,86,0.416199008
NE,3,4,pass,0.818181818,11,0.404519917,0.5,11,0.5,1,11,0
NE,3,4,run,0,8,0,1,8,0,0.375,8,0.353553391
NE,4,1,pass,0.755424063,507,0.430260018,0.50887574,507,0.430346076,1,507,0
NE,4,1,run,0,652,0,1,652,0,0.439417178,652,0.428186937
NE,4,2,pass,0.813765182,494,0.389690668,0.497975709,494,0.424880309,1,494,0
NE,4,2,run,0,385,0,1,385,0,0.466233766,385,0.427142391
NE,4,3,pass,0.751308901,382,0.432821257,0.515706806,382,0.432916494,1,382,0
NE,4,3,run,0,165,0,1,165,0,0.487878788,165,0.448410183
NE,4,4,pass,0.7,50,0.46291005,0.51,50,0.384521967,1,50,0
NE,4,4,run,0,27,0,1,27,0,0.481481481,27,0.353049394
NE,5,1,pass,0.636363636,11,0.504524979,0.318181818,11,0.404519917,1,11,0
NE,5,1,run,0,7,0,1,7,0,0.357142857,7,0.475594866
NE,5,2,pass,0.916666667,12,0.288675135,0.583333333,12,0.468718433,1,12,0
NE,5,2,run,0,3,0,1,3,0,0.333333333,3,0.288675135
NE,5,3,pass,0.875,8,0.353553391,0.4375,8,0.495515604,1,8,0
NO,1,1,pass,0.82,550,0.384537193,0.513636364,550,0.460948036,1,550,0
NO,1,1,run,0,545,0,1,545,0,0.542201835,545,0.464808147
NO,1,2,pass,0.845511482,479,0.361794255,0.511482255,479,0.45895745,1,479,0
NO,1,2,run,0,330,0,1,330,0,0.510606061,330,0.47011891
NO,1,3,pass,0.771573604,394,0.420352525,0.503807107,394,0.444772548,1,394,0
NO,1,3,run,0,73,0,1,73,0,0.534246575,73,0.451300337
NO,1,4,pass,0.875,8,0.353553391,0.625,8,0.44320263,1,8,0
NO,1,4,run,0,14,0,1,14,0,0.607142857,14,0.446291188
NO,2,1,pass,0.789677419,775,0.407800902,0.529032258,775,0.444019656,1,775,0
NO,2,1,run,0,519,0,1,519,0,0.480732177,519,0.472827937
NO,2,2,pass,0.793261868,653,0.405276457,0.516845329,653,0.438406732,1,653,0
NO,2,2,run,0,262,0,1,262,0,0.5,262,0.473432076
NO,2,3,pass,0.739420935,449,0.439440212,0.516703786,449,0.440992999,1,449,0
NO,2,3,run,0,86,0,1,86,0,0.412790698,86,0.421425176
NO,2,4,pass,0.777777778,9,0.440958552,0.555555556,9,0.527046277,1,9,0
NO,2,4,run,0,11,0,1,11,0,0.454545455,11,0.471939904
NO,3,1,pass,0.779270633,521,0.415136963,0.554702495,521,0.449766989,1,521,0
NO,3,1,run,0,586,0,1,586,0,0.534129693,586,0.461912424
NO,3,2,pass,0.804,500,0.397366078,0.521,500,0.4488451,1,500,0
NO,3,2,run,0,296,0,1,296,0,0.511824324,296,0.46471648
NO,3,3,pass,0.763586957,368,0.425457168,0.55298913,368,0.424767004,1,368,0
NO,3,3,run,0,86,0,1,86,0,0.488372093,86,0.453591836
NO,3,4,pass,0.875,8,0.353553391,0.4375,8,0.495515604,1,8,0
NO,3,4,run,0,17,0,1,17,0,0.558823529,17,0.348315273
NO,4,1,pass,0.804043546,643,0.39724418,0.539657854,643,0.435458588,1,643,0
NO,4,1,run,0,595,0,1,595,0,0.559663866,595,0.459892999
NO,4,2,pass,0.828621908,566,0.377172351,0.524734982,566,0.441545376,1,566,0
NO,4,2,run,0,394,0,1,394,0,0.519035533,394,0.459857356
NO,4,3,pass,0.718009479,422,0.450502828,0.58056872,422,0.433898155,1,422,0
NO,4,3,run,0,140,0,1,140,0,0.528571429,140,0.431541609
NO,4,4,pass,0.795918367,49,0.407205509,0.602040816,49,0.45620253,1,49,0
NO,4,4,run,0,26,0,1,26,0,0.653846154,26,0.44202332
NO,5,1,pass,0.857142857,21,0.358568583,0.452380952,21,0.497613352,1,21,0
NO,5,1,run,0,15,0,1,15,0,0.533333333,15,0.480575052
NO,5,2,pass,0.866666667,15,0.351865775,0.633333333,15,0.399404318,1,15,0
NO,5,2,run,0,11,0,1,11,0,0.545454545,11,0.522232968
NO,5,3,pass,0.9,10,0.316227766,0.55,10,0.437797518,1,10,0
NYG,1,1,pass,0.812765957,470,0.390514952,0.573404255,470,0.429998644,1,470,0
NYG,1,1,run,0,563,0,1,563,0,0.482238011,563,0.447059153
NYG,1,2,pass,0.808056872,422,0.394296049,0.531990521,422,0.435421351,1,422,0
NYG,1,2,run,0,353,0,1,353,0,0.511331445,353,0.445796893
NYG,1,3,pass,0.75879397,398,0.428353479,0.536432161,398,0.41756682,1,398,0
NYG,1,3,run,0,79,0,1,79,0,0.525316456,79,0.437788251
NYG,1,4,pass,0.857142857,7,0.377964473,0.785714286,7,0.267261242,1,7,0
NYG,1,4,run,0,8,0,1,8,0,0.5625,8,0.41726148
NYG,2,1,pass,0.755725191,655,0.429984763,0.526717557,655,0.43505148,1,655,0
NYG,2,1,run,0,533,0,1,533,0,0.519699812,533,0.427097108
NYG,2,2,pass,0.809187279,566,0.393289342,0.521201413,566,0.434661058,1,566,0
NYG,2,2,run,0,326,0,1,326,0,0.495398773,326,0.43762681
NYG,2,3,pass,0.747276688,459,0.435047796,0.535947712,459,0.429930589,1,459,0
NYG,2,3,run,0,95,0,1,95,0,0.536842105,95,0.407653543
NYG,2,4,pass,0.833333333,12,0.389249472,0.625,12,0.48265365,1,12,0
NYG,2,4,run,0,9,0,1,9,0,0.555555556,9,0.39086798
NYG,3,1,pass,0.781395349,430,0.41378114,0.529069767,430,0.443514855,1,430,0
NYG,3,1,run,0,550,0,1,550,0,0.497272727,550,0.441981606
NYG,3,2,pass,0.777777778,414,0.416242722,0.518115942,414,0.439056137,1,414,0
NYG,3,2,run,0,320,0,1,320,0,0.5015625,320,0.42914663
NYG,3,3,pass,0.764102564,390,0.425103755,0.532051282,390,0.423746781,1,390,0
NYG,3,3,run,0,75,0,1,75,0,0.466666667,75,0.445194562
NYG,3,4,pass,0.944444444,18,0.23570226,0.472222222,18,0.436302048,1,18,0
NYG,3,4,run,0,10,0,1,10,0,0.7,10,0.349602949
NYG,4,1,pass,0.760834671,623,0.426916647,0.531300161,623,0.421754959,1,623,0
NYG,4,1,run,0,523,0,1,523,0,0.508604207,523,0.432650393
NYG,4,2,pass,0.762430939,543,0.425986139,0.523941068,543,0.434212113,1,543,0
NYG,4,2,run,0,341,0,1,341,0,0.504398827,341,0.441399518
NYG,4,3,pass,0.722972973,444,0.448034775,0.557432432,444,0.428355754,1,444,0
NYG,4,3,run,0,114,0,1,114,0,0.495614035,114,0.428496105
NYG,4,4,pass,0.738461538,65,0.44289259,0.523076923,65,0.418617229,1,65,0
NYG,4,4,run,0,15,0,1,15,0,0.533333333,15,0.399404318
NYG,5,1,pass,0.9,10,0.316227766,0.4,10,0.394405319,1,10,0
NYG,5,1,run,0,7,0,1,7,0,0.642857143,7,0.475594866
NYG,5,2,pass,0.75,4,0.5,0.375,4,0.478713554,1,4,0
NYG,5,2,run,0,7,0,1,7,0,0.5,7,0.5
NYG,5,3,pass,0.625,8,0.51754917,0.375,8,0.353553391,1,8,0
NYG,5,3,run,0,1,,1,1,,0,1,
NYG,5,4,pass,0.333333333,3,0.577350269,0,3,0,1,3,0
NYJ,1,1,pass,0.766381766,351,0.42373612,0.592592593,351,0.451159588,1,351,0
NYJ,1,1,run,0,637,0,1,637,0,0.530612245,637,0.430103581
NYJ,1,2,pass,0.806267806,351,0.395785695,0.558404558,351,0.458421847,1,351,0
NYJ,1,2,run,0,416,0,1,416,0,0.525240385,416,0.412120511
NYJ,1,3,pass,0.76119403,402,0.426885218,0.584577114,402,0.437130687,1,402,0
NYJ,1,3,run,0,101,0,1,101,0,0.524752475,101,0.40851094
NYJ,1,4,pass,1,3,0,0.333333333,3,0.577350269,1,3,0
NYJ,1,4,run,0,15,0,1,15,0,0.566666667,15,0.371611676
NYJ,2,1,pass,0.739726027,511,0.439214008,0.5518591,511,0.44142313,1,511,0
NYJ,2,1,run,0,628,0,1,628,0,0.566082803,628,0.429211591
NYJ,2,2,pass,0.744402985,536,0.436603734,0.582089552,536,0.431012847,1,536,0
NYJ,2,2,run,0,373,0,1,373,0,0.533512064,373,0.430150946
NYJ,2,3,pass,0.694570136,442,0.46111117,0.567873303,442,0.423150373,1,442,0
NYJ,2,3,run,0,144,0,1,144,0,0.597222222,144,0.384479385
NYJ,2,4,pass,0.888888889,9,0.333333333,0.666666667,9,0.433012702,1,9,0
NYJ,2,4,run,0,13,0,1,13,0,0.461538462,13,0.379777263
NYJ,3,1,pass,0.71875,384,0.45019578,0.555989583,384,0.448514298,1,384,0
NYJ,3,1,run,0,660,0,1,660,0,0.552272727,660,0.423058075
NYJ,3,2,pass,0.769931663,439,0.421356523,0.564920273,439,0.445422616,1,439,0
NYJ,3,2,run,0,359,0,1,359,0,0.532033426,359,0.419102578
NYJ,3,3,pass,0.743142145,401,0.437446114,0.563591022,401,0.441951437,1,401,0
NYJ,3,3,run,0,100,0,1,100,0,0.565,100,0.366907634
NYJ,3,4,pass,1,7,0,0.571428571,7,0.534522484,1,7,0
NYJ,3,4,run,0,11,0,1,11,0,0.454545455,11,0.350324525
NYJ,4,1,pass,0.770794824,541,0.420710506,0.545286506,541,0.432778449,1,541,0
NYJ,4,1,run,0,571,0,1,571,0,0.557793345,571,0.427339422
NYJ,4,2,pass,0.737373737,495,0.440506209,0.537373737,495,0.436350771,1,495,0
NYJ,4,2,run,0,385,0,1,385,0,0.561038961,385,0.418689624
NYJ,4,3,pass,0.69451074,419,0.461164987,0.556085919,419,0.446763965,1,419,0
NYJ,4,3,run,0,177,0,1,177,0,0.533898305,177,0.40449611
NYJ,4,4,pass,0.605633803,71,0.492192565,0.584507042,71,0.439040476,1,71,0
NYJ,4,4,run,0,17,0,1,17,0,0.588235294,17,0.363803438
NYJ,5,1,pass,0.846153846,13,0.375533808,0.423076923,13,0.493548117,1,13,0
NYJ,5,1,run,0,33,0,1,33,0,0.621212121,33,0.43355909
NYJ,5,2,pass,0.545454545,22,0.509647191,0.545454545,22,0.460566186,1,22,0
NYJ,5,2,run,0,18,0,1,18,0,0.444444444,18,0.481690921
NYJ,5,3,pass,0.8125,16,0.403112887,0.59375,16,0.490535422,1,16,0
NYJ,5,3,run,0,5,0,1,5,0,0.2,5,0.273861279
NYJ,5,4,pass,1,1,,0.5,1,,1,1,
OAK,1,1,pass,0.748148148,405,0.434613494,0.541975309,405,0.451308383,1,405,0
OAK,1,1,run,0,534,0,1,534,0,0.473782772,534,0.420249543
OAK,1,2,pass,0.846820809,346,0.360681733,0.554913295,346,0.445449284,1,346,0
OAK,1,2,run,0,382,0,1,382,0,0.506544503,382,0.418513927
OAK,1,3,pass,0.766497462,394,0.42359712,0.588832487,394,0.421710026,1,394,0
OAK,1,3,run,0,85,0,1,85,0,0.494117647,85,0.373959809
OAK,1,4,pass,0.6,10,0.516397779,0.75,10,0.263523138,1,10,0
OAK,1,4,run,0,10,0,1,10,0,0.5,10,0.471404521
OAK,2,1,pass,0.755852843,598,0.429940035,0.544314381,598,0.438085658,1,598,0
OAK,2,1,run,0,545,0,1,545,0,0.462385321,545,0.406696924
OAK,2,2,pass,0.811359026,493,0.391620537,0.539553753,493,0.422869365,1,493,0
OAK,2,2,run,0,384,0,1,384,0,0.486979167,384,0.406972186
OAK,2,3,pass,0.743362832,452,0.437261404,0.576327434,452,0.433151458,1,452,0
OAK,2,3,run,0,127,0,1,127,0,0.468503937,127,0.354942604
OAK,2,4,pass,0.5,10,0.527046277,0.6,10,0.516397779,1,10,0
OAK,2,4,run,0,15,0,1,15,0,0.433333333,15,0.319970237
OAK,3,1,pass,0.728033473,478,0.44543892,0.559623431,478,0.439293153,1,478,0
OAK,3,1,run,0,532,0,1,532,0,0.477443609,532,0.413358217
OAK,3,2,pass,0.788804071,393,0.408677365,0.53307888,393,0.44196331,1,393,0
OAK,3,2,run,0,366,0,1,366,0,0.469945355,366,0.412707064
OAK,3,3,pass,0.768115942,414,0.422545986,0.560386473,414,0.430356399,1,414,0
OAK,3,3,run,0,79,0,1,79,0,0.53164557,79,0.369873264
OAK,3,4,pass,0.666666667,6,0.516397779,0.833333333,6,0.40824829,1,6,0
OAK,3,4,run,0,10,0,1,10,0,0.7,10,0.349602949
OAK,4,1,pass,0.742937853,708,0.437322911,0.555084746,708,0.428562438,1,708,0
OAK,4,1,run,0,459,0,1,459,0,0.495642702,459,0.396467165
OAK,4,2,pass,0.771126761,568,0.420477764,0.533450704,568,0.445166946,1,568,0
OAK,4,2,run,0,292,0,1,292,0,0.446917808,292,0.390731212
OAK,4,3,pass,0.719646799,453,0.449668372,0.537527594,453,0.442143889,1,453,0
OAK,4,3,run,0,97,0,1,97,0,0.515463918,97,0.398261902
OAK,4,4,pass,0.7125,80,0.455452203,0.54375,80,0.437149498,1,80,0
OAK,4,4,run,0,23,0,1,23,0,0.52173913,23,0.319027673
OAK,5,1,pass,0.714285714,14,0.468807231,0.321428571,14,0.420948693,1,14,0
OAK,5,1,run,0,10,0,1,10,0,0.65,10,0.411636301
OAK,5,2,pass,0.818181818,11,0.404519917,0.590909091,11,0.436931449,1,11,0
OAK,5,2,run,0,6,0,1,6,0,0.5,6,0
OAK,5,3,pass,0.636363636,11,0.504524979,0.5,11,0.5,1,11,0
OAK,5,3,run,0,2,0,1,2,0,0.75,2,0.353553391
OAK,5,4,pass,1,1,,0.5,1,,1,1,
PHI,1,1,pass,0.781885397,541,0.413347842,0.563770795,541,0.450411145,1,541,0
PHI,1,1,run,0,540,0,1,540,0,0.467592593,540,0.431124152
PHI,1,2,pass,0.757978723,376,0.428877803,0.530585106,376,0.454307594,1,376,0
PHI,1,2,run,0,390,0,1,390,0,0.474358974,390,0.429454098
PHI,1,3,pass,0.688654354,379,0.463655859,0.536939314,379,0.433342032,1,379,0
PHI,1,3,run,0,103,0,1,103,0,0.475728155,103,0.398395315
PHI,1,4,pass,0.75,8,0.46291005,0.375,8,0.44320263,1,8,0
PHI,1,4,run,0,13,0,1,13,0,0.5,13,0.288675135
PHI,2,1,pass,0.737046632,772,0.440522721,0.531735751,772,0.451216074,1,772,0
PHI,2,1,run,0,508,0,1,508,0,0.496062992,508,0.425962481
PHI,2,2,pass,0.744347826,575,0.436606989,0.56,575,0.446979799,1,575,0
PHI,2,2,run,0,387,0,1,387,0,0.447028424,387,0.427863964
PHI,2,3,pass,0.720430108,465,0.449271235,0.546236559,465,0.438590793,1,465,0
PHI,2,3,run,0,127,0,1,127,0,0.511811024,127,0.400716456
PHI,2,4,pass,0.733333333,15,0.457737708,0.6,15,0.470561974,1,15,0
PHI,2,4,run,0,19,0,1,19,0,0.5,19,0.333333333
PHI,3,1,pass,0.77385159,566,0.418706401,0.542402827,566,0.451119222,1,566,0
PHI,3,1,run,0,538,0,1,538,0,0.49070632,538,0.427093445
PHI,3,2,pass,0.793650794,441,0.405143696,0.546485261,441,0.450497332,1,441,0
PHI,3,2,run,0,340,0,1,340,0,0.523529412,340,0.420042717
PHI,3,3,pass,0.739612188,361,0.4394553,0.566481994,361,0.421322099,1,361,0
PHI,3,3,run,0,117,0,1,117,0,0.5,117,0.43549417
PHI,3,4,pass,0.888888889,18,0.323380833,0.583333333,18,0.428746463,1,18,0
PHI,3,4,run,0,17,0,1,17,0,0.441176471,17,0.242535625
PHI,4,1,pass,0.732484076,628,0.443016564,0.529458599,628,0.444180905,1,628,0
PHI,4,1,run,0,526,0,1,526,0,0.497148289,526,0.42705129
PHI,4,2,pass,0.758691207,489,0.428315329,0.54601227,489,0.442873266,1,489,0
PHI,4,2,run,0,382,0,1,382,0,0.468586387,382,0.410246186
PHI,4,3,pass,0.690594059,404,0.462821902,0.554455446,404,0.43796841,1,404,0
PHI,4,3,run,0,180,0,1,180,0,0.5,180,0.402506116
PHI,4,4,pass,0.714285714,63,0.455382556,0.547619048,63,0.437314806,1,63,0
PHI,4,4,run,0,25,0,1,25,0,0.56,25,0.390512484
PHI,5,1,pass,0.666666667,6,0.516397779,0.583333333,6,0.49159604,1,6,0
PHI,5,1,run,0,4,0,1,4,0,0.25,4,0.288675135
PHI,5,2,pass,0.5,2,0.707106781,1,2,0,1,2,0
PHI,5,2,run,0,4,0,1,4,0,0.5,4,0.577350269
PHI,5,3,pass,0.666666667,3,0.577350269,0.333333333,3,0.577350269,1,3,0
PHI,5,4,run,0,1,,1,1,,0,1,
PIT,1,1,pass,0.800399202,501,0.400099788,0.596806387,501,0.437161046,1,501,0
PIT,1,1,run,0,537,0,1,537,0,0.55679702,537,0.426539553
PIT,1,2,pass,0.802380952,420,0.398678063,0.55952381,420,0.431492677,1,420,0
PIT,1,2,run,0,373,0,1,373,0,0.572386059,373,0.433929211
PIT,1,3,pass,0.719072165,388,0.450032632,0.587628866,388,0.420780064,1,388,0
PIT,1,3,run,0,93,0,1,93,0,0.521505376,93,0.389495064
PIT,1,4,pass,0.888888889,9,0.333333333,0.666666667,9,0.433012702,1,9,0
PIT,1,4,run,0,8,0,1,8,0,0.5,8,0.377964473
PIT,2,1,pass,0.747625509,737,0.434669953,0.517639077,737,0.438113998,1,737,0
PIT,2,1,run,0,502,0,1,502,0,0.546812749,502,0.413470537
PIT,2,2,pass,0.753225806,620,0.431482301,0.533064516,620,0.430223629,1,620,0
PIT,2,2,run,0,311,0,1,311,0,0.557877814,311,0.422962667
PIT,2,3,pass,0.713362069,464,0.452678983,0.5625,464,0.405649893,1,464,0
PIT,2,3,run,0,88,0,1,88,0,0.539772727,88,0.373101254
PIT,2,4,pass,0.866666667,15,0.351865775,0.5,15,0.422577127,1,15,0
PIT,2,4,run,0,16,0,1,16,0,0.5,16,0.365148372
PIT,3,1,pass,0.732891832,453,0.442938478,0.573951435,453,0.426636949,1,453,0
PIT,3,1,run,0,588,0,1,588,0,0.590986395,588,0.420679721
PIT,3,2,pass,0.758465011,443,0.428497734,0.544018059,443,0.427799927,1,443,0
PIT,3,2,run,0,310,0,1,310,0,0.503225806,310,0.425698642
PIT,3,3,pass,0.681440443,361,0.466564426,0.537396122,361,0.402233875,1,361,0
PIT,3,3,run,0,78,0,1,78,0,0.570512821,78,0.400684147
PIT,3,4,pass,0.8,5,0.447213595,0.6,5,0.547722558,1,5,0
PIT,3,4,run,0,5,0,1,5,0,0.6,5,0.418330013
PIT,4,1,pass,0.761061947,565,0.426812703,0.542477876,565,0.425225287,1,565,0
PIT,4,1,run,0,573,0,1,573,0,0.518324607,573,0.422400714
PIT,4,2,pass,0.754385965,513,0.430870829,0.567251462,513,0.420262717,1,513,0
PIT,4,2,run,0,343,0,1,343,0,0.540816327,343,0.418604516
PIT,4,3,pass,0.667458432,421,0.471684369,0.562945368,421,0.414274891,1,421,0
PIT,4,3,run,0,112,0,1,112,0,0.575892857,112,0.420262795
PIT,4,4,pass,0.727272727,33,0.452267017,0.545454545,33,0.402407527,1,33,0
PIT,4,4,run,0,10,0,1,10,0,0.6,10,0.316227766
PIT,5,1,pass,0.588235294,17,0.507299656,0.588235294,17,0.441421501,1,17,0
PIT,5,1,run,0,17,0,1,17,0,0.441176471,17,0.390606617
PIT,5,2,pass,0.6,15,0.507092553,0.633333333,15,0.399404318,1,15,0
PIT,5,2,run,0,14,0,1,14,0,0.285714286,14,0.377964473
PIT,5,3,pass,0.727272727,11,0.467099366,0.454545455,11,0.350324525,1,11,0
PIT,5,3,run,0,3,0,1,3,0,0.833333333,3,0.288675135
PIT,5,4,pass,1,2,0,0.75,2,0.353553391,1,2,0
PIT,5,4,run,0,1,,1,1,,0,1,
SD,1,1,pass,0.753799392,329,0.431452986,0.565349544,329,0.442915042,1,329,0
SD,1,1,run,0,490,0,1,490,0,0.518367347,490,0.398962596
SD,1,2,pass,0.812121212,330,0.391208536,0.543939394,330,0.441443056,1,330,0
SD,1,2,run,0,284,0,1,284,0,0.48943662,284,0.385094683
SD,1,3,pass,0.744548287,321,0.436795717,0.540498442,321,0.429292733,1,321,0
SD,1,3,run,0,51,0,1,51,0,0.617647059,51,0.340414972
SD,1,4,pass,0.5,2,0.707106781,0.25,2,0.353553391,1,2,0
SD,1,4,run,0,5,0,1,5,0,0.8,5,0.273861279
SD,2,1,pass,0.775471698,530,0.417665517,0.51509434,530,0.447381048,1,530,0
SD,2,1,run,0,459,0,1,459,0,0.498910675,459,0.394419189
SD,2,2,pass,0.773109244,476,0.419262004,0.524159664,476,0.443602866,1,476,0
SD,2,2,run,0,251,0,1,251,0,0.462151394,251,0.373579647
SD,2,3,pass,0.736263736,364,0.44126452,0.524725275,364,0.440002105,1,364,0
SD,2,3,run,0,74,0,1,74,0,0.554054054,74,0.326538168
SD,2,4,pass,0.8,5,0.447213595,0.4,5,0.418330013,1,5,0
SD,2,4,run,0,9,0,1,9,0,0.611111111,9,0.333333333
SD,3,1,pass,0.748129676,401,0.434629432,0.559850374,401,0.448786116,1,401,0
SD,3,1,run,0,493,0,1,493,0,0.498985801,493,0.388476001
SD,3,2,pass,0.765586035,401,0.424161194,0.547381546,401,0.440453603,1,401,0
SD,3,2,run,0,238,0,1,238,0,0.455882353,238,0.383118256
SD,3,3,pass,0.706586826,334,0.456009289,0.51497006,334,0.431232432,1,334,0
SD,3,3,run,0,47,0,1,47,0,0.521276596,47,0.32898802
SD,3,4,pass,0.8,5,0.447213595,0.8,5,0.447213595,1,5,0
SD,3,4,run,0,4,0,1,4,0,0.125,4,0.25
SD,4,1,pass,0.755789474,475,0.430071084,0.514736842,475,0.430623241,1,475,0
SD,4,1,run,0,469,0,1,469,0,0.551172708,469,0.372023386
SD,4,2,pass,0.773672055,433,0.418937869,0.516166282,433,0.438027027,1,433,0
SD,4,2,run,0,301,0,1,301,0,0.50166113,301,0.370806191
SD,4,3,pass,0.728434505,313,0.445479189,0.54313099,313,0.433633026,1,313,0
SD,4,3,run,0,133,0,1,133,0,0.526315789,133,0.355241006
SD,4,4,pass,0.476190476,42,0.505486737,0.464285714,42,0.418954231,1,42,0
SD,4,4,run,0,13,0,1,13,0,0.653846154,13,0.375533808
SD,5,1,pass,1,8,0,0.6875,8,0.372011905,1,8,0
SD,5,1,run,0,15,0,1,15,0,0.633333333,15,0.29680842
SD,5,2,pass,0.888888889,9,0.333333333,0.611111111,9,0.416666667,1,9,0
SD,5,2,run,0,10,0,1,10,0,0.55,10,0.283823106
SD,5,3,pass,1,9,0,0.444444444,9,0.39086798,1,9,0
SD,5,3,run,0,5,0,1,5,0,0.6,5,0.418330013
SD,5,4,pass,1,1,,1,1,,1,1,
SD,5,4,run,0,1,,1,1,,1,1,
SEA,1,1,pass,0.768472906,406,0.422328797,0.593596059,406,0.455266439,1,406,0
SEA,1,1,run,0,547,0,1,547,0,0.499085923,547,0.451390897
SEA,1,2,pass,0.787790698,344,0.409467837,0.595930233,344,0.452831398,1,344,0
SEA,1,2,run,0,388,0,1,388,0,0.49871134,388,0.43057967
SEA,1,3,pass,0.725,360,0.447135731,0.598611111,360,0.431197418,1,360,0
SEA,1,3,run,0,112,0,1,112,0,0.5,112,0.397061277
SEA,1,4,pass,1,2,0,0,2,0,1,2,0
SEA,1,4,run,0,8,0,1,8,0,0.6875,8,0.372011905
SEA,2,1,pass,0.696013289,602,0.460359463,0.580564784,602,0.445615744,1,602,0
SEA,2,1,run,0,561,0,1,561,0,0.505347594,561,0.432979621
SEA,2,2,pass,0.754601227,489,0.430764064,0.588957055,489,0.455792339,1,489,0
SEA,2,2,run,0,390,0,1,390,0,0.498717949,390,0.4188654
SEA,2,3,pass,0.692134831,445,0.462129988,0.565168539,445,0.447993807,1,445,0
SEA,2,3,run,0,130,0,1,130,0,0.534615385,130,0.409141953
SEA,2,4,pass,0.461538462,13,0.518874522,0.5,13,0.456435465,1,13,0
SEA,2,4,run,0,16,0,1,16,0,0.53125,16,0.385951206
SEA,3,1,pass,0.712473573,473,0.453088287,0.594080338,473,0.45347861,1,473,0
SEA,3,1,run,0,571,0,1,571,0,0.490367776,571,0.445635802
SEA,3,2,pass,0.762402089,383,0.426168213,0.58616188,383,0.453770296,1,383,0
SEA,3,2,run,0,405,0,1,405,0,0.50617284,405,0.43723526
SEA,3,3,pass,0.736413043,368,0.441177719,0.555706522,368,0.435508461,1,368,0
SEA,3,3,run,0,96,0,1,96,0,0.536458333,96,0.405519755
SEA,3,4,pass,0.666666667,6,0.516397779,0.75,6,0.273861279,1,6,0
SEA,3,4,run,0,3,0,1,3,0,0.666666667,3,0.288675135
SEA,4,1,pass,0.723529412,510,0.447691409,0.557843137,510,0.445549103,1,510,0
SEA,4,1,run,0,584,0,1,584,0,0.502568493,584,0.42890052
SEA,4,2,pass,0.774834437,453,0.418153105,0.577262693,453,0.433129704,1,453,0
SEA,4,2,run,0,409,0,1,409,0,0.482885086,409,0.429831806
SEA,4,3,pass,0.714666667,375,0.452176357,0.569333333,375,0.445408343,1,375,0
SEA,4,3,run,0,163,0,1,163,0,0.561349693,163,0.422269757
SEA,4,4,pass,0.578947368,57,0.498116754,0.578947368,57,0.470462099,1,57,0
SEA,4,4,run,0,27,0,1,27,0,0.462962963,27,0.414309572
SEA,5,1,pass,0.923076923,13,0.277350098,0.692307692,13,0.434859246,1,13,0
SEA,5,1,run,0,25,0,1,25,0,0.48,25,0.444409721
SEA,5,2,pass,0.923076923,13,0.277350098,0.653846154,13,0.473665467,1,13,0
SEA,5,2,run,0,11,0,1,11,0,0.454545455,11,0.415604707
SEA,5,3,pass,0.6,10,0.516397779,0.75,10,0.424918293,1,10,0
SEA,5,3,run,0,7,0,1,7,0,0.571428571,7,0.449867705
SEA,5,4,run,0,1,,1,1,,0,1,
SF,1,1,pass,0.736238532,436,0.441177711,0.560779817,436,0.448853802,1,436,0
SF,1,1,run,0,593,0,1,593,0,0.47301855,593,0.434119754
SF,1,2,pass,0.815642458,358,0.388318223,0.540502793,358,0.455783591,1,358,0
SF,1,2,run,0,374,0,1,374,0,0.494652406,374,0.428506055
SF,1,3,pass,0.747191011,356,0.435234083,0.591292135,356,0.448104005,1,356,0
SF,1,3,run,0,108,0,1,108,0,0.509259259,108,0.398487101
SF,1,4,pass,1,3,0,0.333333333,3,0.577350269,1,3,0
SF,1,4,run,0,8,0,1,8,0,0.6875,8,0.372011905
SF,2,1,pass,0.74457429,599,0.436464717,0.575959933,599,0.443823881,1,599,0
SF,2,1,run,0,534,0,1,534,0,0.462546816,534,0.421626744
SF,2,2,pass,0.785123967,484,0.411161292,0.571280992,484,0.452256376,1,484,0
SF,2,2,run,0,366,0,1,366,0,0.468579235,366,0.42000868
SF,2,3,pass,0.792951542,454,0.405637549,0.563876652,454,0.432273054,1,454,0
SF,2,3,run,0,130,0,1,130,0,0.453846154,130,0.380972612
SF,2,4,pass,0.611111111,18,0.501631326,0.638888889,18,0.479140025,1,18,0
SF,2,4,run,0,13,0,1,13,0,0.5,13,0.353553391
SF,3,1,pass,0.730858469,431,0.444029075,0.541763341,431,0.445254722,1,431,0
SF,3,1,run,0,565,0,1,565,0,0.474336283,565,0.41976411
SF,3,2,pass,0.762803235,371,0.425938343,0.595687332,371,0.449784031,1,371,0
SF,3,2,run,0,358,0,1,358,0,0.462290503,358,0.4124835
SF,3,3,pass,0.753541076,353,0.431560572,0.600566572,353,0.441716328,1,353,0
SF,3,3,run,0,102,0,1,102,0,0.426470588,102,0.400476565
SF,3,4,pass,0.866666667,15,0.351865775,0.566666667,15,0.495215201,1,15,0
SF,3,4,run,0,7,0,1,7,0,0.5,7,0.288675135
SF,4,1,pass,0.76635514,535,0.42354486,0.592523364,535,0.444841624,1,535,0
SF,4,1,run,0,507,0,1,507,0,0.481262327,507,0.426568235
SF,4,2,pass,0.741071429,448,0.438536017,0.546875,448,0.452474244,1,448,0
SF,4,2,run,0,364,0,1,364,0,0.523351648,364,0.424950203
SF,4,3,pass,0.717948718,390,0.450576206,0.567948718,390,0.438944044,1,390,0
SF,4,3,run,0,183,0,1,183,0,0.494535519,183,0.415989061
SF,4,4,pass,0.557377049,61,0.500819001,0.68852459,61,0.409918025,1,61,0
SF,4,4,run,0,26,0,1,26,0,0.576923077,26,0.365849906
SF,5,1,pass,0.923076923,13,0.277350098,0.307692308,13,0.480384461,1,13,0
SF,5,1,run,0,26,0,1,26,0,0.480769231,26,0.38680148
SF,5,2,pass,0.846153846,13,0.375533808,0.576923077,13,0.449358517,1,13,0
SF,5,2,run,0,16,0,1,16,0,0.59375,16,0.417083125
SF,5,3,pass,0.785714286,14,0.425815314,0.428571429,14,0.513552591,1,14,0
SF,5,3,run,0,2,0,1,2,0,0.75,2,0.353553391
SF,5,4,run,0,1,,1,1,,0,1,
STL,1,1,pass,0.772727273,264,0.419866158,0.5625,264,0.460280746,1,264,0
STL,1,1,run,0,425,0,1,425,0,0.525882353,425,0.419780081
STL,1,2,pass,0.779783394,277,0.415142664,0.597472924,277,0.46379121,1,277,0
STL,1,2,run,0.004310345,232,0.065653216,1,232,0,0.538793103,232,0.434700783
STL,1,3,pass,0.780669145,269,0.414564506,0.548327138,269,0.439944651,1,269,0
STL,1,3,run,0,52,0,1,52,0,0.644230769,52,0.400202626
STL,1,4,pass,0.6,5,0.547722558,0.6,5,0.418330013,1,5,0
STL,1,4,run,0,3,0,1,3,0,0.5,3,0.5
STL,2,1,pass,0.780058651,341,0.414815334,0.598240469,341,0.433721733,1,341,0
STL,2,1,run,0,416,0,1,416,0,0.508413462,416,0.418605122
STL,2,2,pass,0.784916201,358,0.411455528,0.592178771,358,0.444254011,1,358,0
STL,2,2,run,0,249,0,1,249,0,0.495983936,249,0.416378317
STL,2,3,pass,0.742331288,326,0.43802293,0.601226994,326,0.435570392,1,326,0
STL,2,3,run,0,72,0,1,72,0,0.590277778,72,0.378343209
STL,2,4,pass,0.818181818,11,0.404519917,0.590909091,11,0.490824909,1,11,0
STL,2,4,run,0,7,0,1,7,0,0.5,7,0.40824829
STL,3,1,pass,0.747211896,269,0.435420576,0.557620818,269,0.458570448,1,269,0
STL,3,1,run,0,400,0,1,400,0,0.50375,400,0.424040639
STL,3,2,pass,0.78125,288,0.414118223,0.597222222,288,0.438868428,1,288,0
STL,3,2,run,0.004739336,211,0.068842839,0.995260664,211,0.068842839,0.535545024,211,0.408151538
STL,3,3,pass,0.771126761,284,0.420849047,0.596830986,284,0.426950514,1,284,0
STL,3,3,run,0,55,0,1,55,0,0.527272727,55,0.365378822
STL,3,4,pass,0.875,8,0.353553391,0.375,8,0.44320263,1,8,0
STL,3,4,run,0,7,0,1,7,0,0.214285714,7,0.267261242
STL,4,1,pass,0.792035398,452,0.406301057,0.58960177,452,0.422801155,1,452,0
STL,4,1,run,0,344,0,1,344,0,0.515988372,344,0.415312113
STL,4,2,pass,0.787128713,404,0.409844942,0.563118812,404,0.436090431,1,404,0
STL,4,2,run,0,218,0,1,218,0,0.502293578,218,0.414311117
STL,4,3,pass,0.783606557,305,0.41246225,0.572131148,305,0.443939877,1,305,0
STL,4,3,run,0,109,0,1,109,0,0.481651376,109,0.365950092
STL,4,4,pass,0.671232877,73,0.473016165,0.602739726,73,0.424582345,1,73,0
STL,4,4,run,0,15,0,1,15,0,0.433333333,15,0.457737708
STL,5,1,pass,0.444444444,9,0.527046277,0.722222222,9,0.440958552,1,9,0
STL,5,1,run,0,14,0,1,14,0,0.464285714,14,0.365022956
STL,5,2,pass,0.777777778,9,0.440958552,0.555555556,9,0.463980364,1,9,0
STL,5,2,run,0,11,0,1,11,0,0.636363636,11,0.393122697
STL,5,3,pass,0.727272727,11,0.467099366,0.5,11,0.5,1,11,0
STL,5,3,run,0,4,0,1,4,0,0.75,4,0.288675135
TB,1,1,pass,0.73015873,378,0.444465496,0.544973545,378,0.442249644,1,378,0
TB,1,1,run,0,605,0,1,605,0,0.465289256,605,0.430176066
TB,1,2,pass,0.760752688,372,0.427198576,0.521505376,372,0.446091009,1,372,0
TB,1,2,run,0,362,0,1,362,0,0.51519337,362,0.439296959
TB,1,3,pass,0.762886598,388,0.425861544,0.5,388,0.441690434,1,388,0
TB,1,3,run,0,102,0,1,102,0,0.475490196,102,0.374809859
TB,1,4,pass,0.666666667,3,0.577350269,0.666666667,3,0.577350269,1,3,0
TB,1,4,run,0,8,0,1,8,0,0.4375,8,0.41726148
TB,2,1,pass,0.709576138,637,0.454314719,0.518838305,637,0.437571091,1,637,0
TB,2,1,run,0,515,0,1,515,0,0.489320388,515,0.42350966
TB,2,2,pass,0.749518304,519,0.433708484,0.516377649,519,0.446156451,1,519,0
TB,2,2,run,0,320,0,1,320,0,0.5609375,320,0.433913874
TB,2,3,pass,0.699074074,432,0.459192345,0.571759259,432,0.4247982,1,432,0
TB,2,3,run,0,96,0,1,96,0,0.494791667,96,0.393999677
TB,2,4,pass,0.818181818,11,0.404519917,0.727272727,11,0.410099766,1,11,0
TB,2,4,run,0,9,0,1,9,0,0.388888889,9,0.416666667
TB,3,1,pass,0.703703704,432,0.457152678,0.521990741,432,0.453245804,1,432,0
TB,3,1,run,0,615,0,1,615,0,0.486178862,615,0.428299646
TB,3,2,pass,0.747252747,455,0.435065608,0.524175824,455,0.460401247,1,455,0
TB,3,2,run,0,330,0,1,330,0,0.446969697,330,0.426414933
TB,3,3,pass,0.746803069,391,0.435399916,0.583120205,391,0.441583959,1,391,0
TB,3,3,run,0,85,0,1,85,0,0.505882353,85,0.389551922
TB,3,4,pass,0.666666667,9,0.5,0.5,9,0.5,1,9,0
TB,3,4,run,0,12,0,1,12,0,0.666666667,12,0.389249472
TB,4,1,pass,0.725071225,702,0.446796725,0.532763533,702,0.429388376,1,702,0
TB,4,1,run,0,438,0,1,438,0,0.521689498,438,0.435926509
TB,4,2,pass,0.775831874,571,0.417398963,0.542031524,571,0.427130867,1,571,0
TB,4,2,run,0,289,0,1,289,0,0.501730104,289,0.427968128
TB,4,3,pass,0.732360097,411,0.443268379,0.565693431,411,0.43540359,1,411,0
TB,4,3,run,0,121,0,1,121,0,0.516528926,121,0.402771049
TB,4,4,pass,0.691358025,81,0.464811126,0.543209877,81,0.419803011,1,81,0
TB,4,4,run,0,15,0,1,15,0,0.5,15,0.377964473
TB,5,1,pass,0.5,8,0.534522484,0.5,8,0.534522484,1,8,0
TB,5,1,run,0,16,0,1,16,0,0.53125,16,0.464354391
TB,5,2,pass,0.888888889,9,0.333333333,0.666666667,9,0.433012702,1,9,0
TB,5,2,run,0,10,0,1,10,0,0.55,10,0.497214463
TB,5,3,pass,0.9,10,0.316227766,0.65,10,0.474341649,1,10,0
TB,5,3,run,0,2,0,1,2,0,0.5,2,0.707106781
TEN,1,1,pass,0.744125326,383,0.436922489,0.514360313,383,0.44946454,1,383,0
TEN,1,1,run,0,563,0,1,563,0,0.513321492,563,0.434602303
TEN,1,2,pass,0.773462783,309,0.419269598,0.51618123,309,0.464377442,1,309,0
TEN,1,2,run,0,393,0,1,393,0,0.486005089,393,0.42759719
TEN,1,3,pass,0.731155779,398,0.443916813,0.535175879,398,0.430299344,1,398,0
TEN,1,3,run,0,71,0,1,71,0,0.408450704,71,0.380881113
TEN,1,4,pass,0.428571429,7,0.534522484,0.428571429,7,0.534522484,1,7,0
TEN,1,4,run,0,5,0,1,5,0,0.4,5,0.547722558
TEN,2,1,pass,0.728873239,568,0.444933221,0.561619718,568,0.445125094,1,568,0
TEN,2,1,run,0,563,0,1,563,0,0.48401421,563,0.431945297
TEN,2,2,pass,0.775303644,494,0.417805298,0.53340081,494,0.449698765,1,494,0
TEN,2,2,run,0,361,0,1,361,0,0.451523546,361,0.412989313
TEN,2,3,pass,0.730263158,456,0.444310476,0.543859649,456,0.432531031,1,456,0
TEN,2,3,run,0,120,0,1,120,0,0.458333333,120,0.386664976
TEN,2,4,pass,0.769230769,13,0.43852901,0.846153846,13,0.375533808,1,13,0
TEN,2,4,run,0,16,0,1,16,0,0.5625,16,0.359397644
TEN,3,1,pass,0.695,400,0.460984019,0.55875,400,0.451589715,1,400,0
TEN,3,1,run,0,543,0,1,543,0,0.47145488,543,0.422624795
TEN,3,2,pass,0.781869688,353,0.413562564,0.541076487,353,0.451180242,1,353,0
TEN,3,2,run,0,360,0,1,360,0,0.486111111,360,0.430166631
TEN,3,3,pass,0.713498623,363,0.452750516,0.604683196,363,0.433481469,1,363,0
TEN,3,3,run,0,78,0,1,78,0,0.448717949,78,0.365649605
TEN,3,4,pass,0.875,8,0.353553391,0.6875,8,0.458062691,1,8,0
TEN,3,4,run,0,9,0,1,9,0,0.5,9,0.353553391
TEN,4,1,pass,0.718166384,589,0.450275085,0.546689304,589,0.433436757,1,589,0
TEN,4,1,run,0,516,0,1,516,0,0.521317829,516,0.422120178
TEN,4,2,pass,0.743027888,502,0.437399769,0.532868526,502,0.438213733,1,502,0
TEN,4,2,run,0,335,0,1,335,0,0.525373134,335,0.423961671
TEN,4,3,pass,0.751141553,438,0.432846016,0.571917808,438,0.429156453,1,438,0
TEN,4,3,run,0,141,0,1,141,0,0.489361702,141,0.402971486
TEN,4,4,pass,0.779411765,68,0.417726192,0.595588235,68,0.425470354,1,68,0
TEN,4,4,run,0,18,0,1,18,0,0.333333333,18,0.297044263
TEN,5,1,pass,0.818181818,11,0.404519917,0.636363636,11,0.452267017,1,11,0
TEN,5,1,run,0,13,0,1,13,0,0.423076923,13,0.493548117
TEN,5,2,pass,0.857142857,14,0.36313652,0.428571429,14,0.432218911,1,14,0
TEN,5,2,run,0,3,0,1,3,0,0.666666667,3,0.577350269
TEN,5,3,pass,0.888888889,9,0.333333333,0.555555556,9,0.527046277,1,9,0
TEN,5,3,run,0,4,0,1,4,0,0.375,4,0.478713554
TEN,5,4,pass,0.5,2,0.707106781,0.5,2,0.707106781,1,2,0
WAS,1,1,pass,0.721649485,388,0.448765589,0.543814433,388,0.439506285,1,388,0
WAS,1,1,run,0,614,0,1,614,0,0.508143322,614,0.461325283
WAS,1,2,pass,0.778606965,402,0.415701852,0.5460199,402,0.430735125,1,402,0
WAS,1,2,run,0,340,0,1,340,0,0.505882353,340,0.46081957
WAS,1,3,pass,0.760204082,392,0.427504457,0.554846939,392,0.418775437,1,392,0
WAS,1,3,run,0,76,0,1,76,0,0.578947368,76,0.42467738
WAS,1,4,pass,0.8,5,0.447213595,0.7,5,0.447213595,1,5,0
WAS,1,4,run,0,6,0,1,6,0,0.416666667,6,0.49159604
WAS,2,1,pass,0.752631579,570,0.431861652,0.557894737,570,0.422540383,1,570,0
WAS,2,1,run,0,535,0,1,535,0,0.506542056,535,0.451230326
WAS,2,2,pass,0.820158103,506,0.384435776,0.549407115,506,0.422779165,1,506,0
WAS,2,2,run,0,317,0,1,317,0,0.479495268,317,0.455683932
WAS,2,3,pass,0.733183857,446,0.442792159,0.580717489,446,0.410793068,1,446,0
WAS,2,3,run,0,91,0,1,91,0,0.505494505,91,0.444062718
WAS,2,4,pass,0.5,20,0.512989176,0.575,20,0.466651002,1,20,0
WAS,2,4,run,0,11,0,1,11,0,0.727272727,11,0.343775825
WAS,3,1,pass,0.739325843,445,0.439496533,0.551685393,445,0.42530126,1,445,0
WAS,3,1,run,0,615,0,1,615,0,0.494308943,615,0.456994289
WAS,3,2,pass,0.823027719,469,0.382052768,0.52771855,469,0.430264426,1,469,0
WAS,3,2,run,0,315,0,1,315,0,0.487301587,315,0.449519228
WAS,3,3,pass,0.744303797,395,0.436805093,0.54556962,395,0.430970298,1,395,0
WAS,3,3,run,0,79,0,1,79,0,0.5,79,0.423659273
WAS,3,4,pass,0.631578947,19,0.495594628,0.631578947,19,0.40284079,1,19,0
WAS,3,4,run,0,9,0,1,9,0,0.666666667,9,0.433012702
WAS,4,1,pass,0.780089153,673,0.414494088,0.520059435,673,0.420775923,1,673,0
WAS,4,1,run,0,485,0,1,485,0,0.471134021,485,0.447896545
WAS,4,2,pass,0.784832451,567,0.411301389,0.55643739,567,0.41439215,1,567,0
WAS,4,2,run,0,298,0,1,298,0,0.494966443,298,0.452238911
WAS,4,3,pass,0.755447942,413,0.430342611,0.576271186,413,0.417596735,1,413,0
WAS,4,3,run,0,147,0,1,147,0,0.425170068,147,0.427455603
WAS,4,4,pass,0.716666667,60,0.454419603,0.575,60,0.430067003,1,60,0
WAS,4,4,run,0,21,0,1,21,0,0.428571429,21,0.455129495
WAS,5,1,pass,0.653846154,26,0.485164524,0.519230769,26,0.435448487,1,26,0
WAS,5,1,run,0,19,0,1,19,0,0.394736842,19,0.488164003
WAS,5,2,pass,0.833333333,18,0.383482494,0.555555556,18,0.481690921,1,18,0
WAS,5,2,run,0,11,0,1,11,0,0.454545455,11,0.471939904
WAS,5,3,pass,0.545454545,11,0.522232968,0.636363636,11,0.452267017,1,11,0
WAS,5,3,run,0,1,,1,1,,1,1,
WAS,5,4,pass,0,1,,0,1,,1,1,
